size,type,alignment,ac,hp,cr,speed,swim,fly,climb,burrow,passive_perception,darkvision,truesight,tremorsense,blindsight,strength,str_mod,dex,dex_mod,con,con_mod,intel,int_mod,wis,wis_mod,cha,cha_mod,str_save,dex_save,con_save,int_save,wis_save,cha_save,history,perception,stealth,persuasion,insight,deception,arcana,religion,acrobatics,athletics,intimidation,legendary
medium,humanoid,neutral good,12.0,13,0.25,20,0,50,0,0,15,0,0,0,0,10,0,14,2,10,0,11,0,12,1,11,0,0,0,0,0,0,0,0,5,0,0,0,0,0,0,0,0,0,0
medium,humanoid,any alignment,12.0,84,9.0,30,0,0,0,0,11,0,0,0,0,9,-1,14,2,14,2,18,4,12,1,11,0,0,0,0,8,5,0,8,0,0,0,0,0,8,0,0,0,0,0
large,aberration,lawful evil,17.0,135,10.0,10,40,0,0,0,20,120,0,0,0,21,5,9,-1,15,2,18,4,15,2,18,4,0,0,6,8,6,0,12,10,0,0,0,0,0,0,0,0,0,1
huge,monstrosity,chaotic evil,15.0,137,9.0,40,0,0,40,0,15,60,0,0,0,24,7,10,0,22,6,9,-1,13,1,9,-1,0,0,0,0,0,0,0,5,4,0,0,0,0,0,0,0,0,0
medium,undead,neutral evil,21.0,285,23.0,30,0,0,0,0,22,0,120,0,0,13,1,16,3,20,5,27,8,21,5,20,5,0,0,12,15,12,0,22,12,0,0,12,0,22,15,0,0,0,0
medium,humanoid,any alignment,10.0,9,0.25,30,0,0,0,0,12,0,0,0,0,10,0,10,0,10,0,10,0,14,2,11,0,0,0,0,0,0,0,0,0,0,0,0,0,0,2,0,0,0,0
huge,dragon,chaotic evil,19.0,195,14.0,40,40,80,0,0,21,120,0,0,60,23,6,14,2,21,5,14,2,13,1,17,3,0,7,10,0,6,8,0,11,7,0,0,0,0,0,0,0,0,1
huge,undead,lawful evil,19.0,225,17.0,40,0,80,0,30,24,120,0,0,60,25,7,10,0,23,6,16,3,15,2,19,4,0,6,12,0,8,10,0,14,6,0,0,0,0,0,0,0,0,1
huge,dragon,lawful evil,19.0,225,16.0,40,0,80,0,30,22,120,0,0,60,25,7,10,0,23,6,16,3,15,2,19,4,0,5,11,0,7,9,0,12,5,0,0,0,0,0,0,0,0,1
huge,dragon,chaotic good,18.0,172,13.0,40,0,80,0,30,21,120,0,0,60,23,6,10,0,21,5,14,2,13,1,17,3,0,5,10,0,6,8,7,11,5,8,0,0,0,0,0,0,0,1
huge,dragon,lawful good,19.0,212,15.0,40,40,80,0,0,22,120,0,0,60,25,7,10,0,23,6,16,3,15,2,19,4,0,5,11,0,7,9,0,12,5,0,7,0,0,0,0,0,0,1
huge,dragon,chaotic good,18.0,184,14.0,40,0,80,40,0,22,120,0,0,60,23,6,12,1,21,5,18,4,15,2,17,3,0,6,10,0,7,8,0,12,6,0,0,8,0,0,0,0,0,1
huge,dragon,lawful good,19.0,256,17.0,40,40,80,0,0,24,120,0,0,60,27,8,14,2,25,7,16,3,15,2,24,7,0,8,13,0,8,13,0,14,8,13,8,0,0,0,0,0,0,1
huge,dragon,lawful evil,19.0,207,15.0,40,40,80,0,0,22,120,0,0,60,23,6,12,1,21,5,18,4,15,2,17,3,0,6,10,0,7,8,0,12,6,8,7,8,0,0,0,0,0,1
medium,monstrosity,unaligned,18.0,39,2.0,40,0,0,40,20,11,60,0,60,0,15,2,16,3,15,2,7,-2,12,1,8,-1,0,0,0,0,0,0,0,0,0,0,0,0,0,0,0,0,0,0
medium,ooze,lawful evil,14.0,75,5.0,20,0,0,0,0,14,0,0,0,60,8,-1,19,4,16,3,19,4,12,1,15,2,0,0,0,7,0,5,7,4,0,0,0,5,7,7,0,0,0,0
huge,dragon,chaotic evil,19.0,256,17.0,40,0,80,40,0,23,120,0,0,60,27,8,10,0,25,7,16,3,13,1,21,5,0,6,13,0,7,11,0,13,6,0,0,0,0,0,0,0,0,1
huge,dragon,lawful good,19.0,243,16.0,40,0,80,0,0,21,120,0,0,60,27,8,10,0,25,7,16,3,13,1,21,5,0,5,12,0,6,10,8,11,5,0,0,0,8,0,0,0,0,1
huge,dragon,chaotic evil,18.0,200,13.0,40,40,80,0,30,21,120,0,0,60,22,6,10,0,22,6,8,-1,12,1,12,1,0,5,11,0,6,6,0,11,5,0,0,0,0,0,0,0,0,1
large,elemental,neutral,15.0,90,5.0,0,0,90,0,0,10,60,0,0,0,14,2,20,5,14,2,6,-2,10,0,6,-2,0,0,0,0,0,0,0,0,0,0,0,0,0,0,0,0,0,0
medium,elemental,neutral,18.0,117,7.0,30,0,30,0,0,10,60,0,0,0,18,4,14,2,14,2,9,-1,10,0,10,0,0,0,0,0,0,0,0,0,0,0,0,0,0,0,0,0,0,0
medium,humanoid,any alignment,13.0,30,0.25,25,0,0,0,0,14,60,0,0,0,13,1,13,1,17,3,12,1,14,2,11,0,0,0,0,0,0,0,0,4,3,0,0,0,0,0,0,0,0,0
medium,monstrosity,lawful neutral,14.0,49,1.0,20,30,0,0,0,14,60,0,0,0,13,1,8,-1,12,1,10,0,14,2,10,0,0,0,0,0,0,0,0,4,0,0,0,0,0,0,0,0,0,0
medium,undead,any evil alignment,15.0,120,10.0,30,0,0,0,0,17,0,120,0,0,11,0,12,1,16,3,19,4,17,3,17,3,0,0,7,8,7,7,8,7,5,0,7,7,8,0,0,0,0,0
medium,fiend,chaotic evil,17.0,157,11.0,40,0,0,0,0,10,120,0,0,0,12,1,19,4,22,6,6,-2,11,0,7,-2,0,8,10,0,0,0,0,0,8,0,0,0,0,0,0,0,0,0
medium,undead,neutral evil,13.0,40,5.0,0,0,40,0,0,15,60,0,0,0,6,-2,17,3,10,0,17,3,15,2,16,3,0,0,0,6,5,0,0,5,6,0,0,0,0,0,0,0,0,0
large,beast,unaligned,13.0,51,2.0,60,0,0,0,0,15,0,0,0,0,19,4,13,1,17,3,2,-4,12,1,5,-3,0,0,0,0,0,0,0,5,0,0,0,0,0,0,0,0,0,0
medium,dragon,unaligned,13.0,22,0.5,30,0,0,0,0,14,60,0,0,0,13,1,15,2,14,2,4,-3,11,0,6,-2,0,0,0,0,0,0,0,4,4,0,0,0,0,0,0,0,0,0
medium,fiend,lawful evil,21.0,202,18.0,30,0,40,0,0,17,120,0,0,0,11,0,13,1,16,3,20,5,12,1,18,4,0,7,9,0,7,10,0,7,0,0,0,0,0,0,0,0,0,0
gargantuan,dragon,chaotic evil,22.0,367,21.0,40,40,80,0,0,26,120,0,0,60,27,8,14,2,25,7,16,3,15,2,19,4,0,9,14,0,9,11,0,16,9,0,0,0,0,0,0,0,0,1
gargantuan,dragon,lawful evil,22.0,481,23.0,40,0,80,0,40,27,120,0,0,60,29,9,10,0,27,8,18,4,17,3,21,5,0,7,15,0,10,12,0,17,7,0,0,0,0,0,0,0,0,1
gargantuan,dragon,chaotic good,20.0,297,20.0,40,0,80,0,40,24,120,0,0,60,27,8,10,0,25,7,16,3,15,2,19,4,0,6,13,0,8,10,9,14,6,10,0,0,0,0,0,0,0,1
gargantuan,dragon,lawful good,22.0,444,22.0,40,40,80,0,0,27,120,0,0,60,29,9,10,0,27,8,18,4,17,3,21,5,0,7,15,0,10,12,0,17,7,0,10,0,0,0,0,0,0,1
gargantuan,dragon,chaotic good,21.0,350,21.0,40,0,80,40,0,27,120,0,0,60,27,8,12,1,25,7,20,5,17,3,19,4,0,8,14,0,10,11,0,17,8,0,0,11,0,0,0,0,0,1
gargantuan,dragon,lawful good,22.0,546,24.0,40,40,80,0,0,27,120,0,0,60,30,1,14,2,29,9,18,4,17,3,28,9,0,9,16,0,10,16,0,17,9,16,10,0,0,0,0,0,0,1
gargantuan,dragon,lawful evil,21.0,385,22.0,40,40,80,0,0,27,120,0,0,60,27,8,12,1,25,7,20,5,17,3,19,4,0,8,14,0,10,11,0,17,8,11,10,11,0,0,0,0,0,1
gargantuan,dragon,chaotic evil,22.0,546,24.0,40,0,80,40,0,26,120,0,0,60,30,1,10,0,29,9,18,4,15,2,23,6,0,7,16,0,9,13,0,16,7,0,0,0,0,0,0,0,0,1
medium,undead,chaotic evil,13.0,32,1.0,40,0,0,0,0,10,60,0,0,0,6,-2,16,3,14,2,6,-2,10,0,8,-1,0,0,0,0,0,0,0,0,5,0,0,0,0,0,0,0,0,0
gargantuan,dragon,lawful good,22.0,487,23.0,40,0,80,0,0,26,120,0,0,60,30,1,10,0,29,9,18,4,15,2,23,6,0,7,16,0,9,13,11,16,7,0,0,0,11,0,0,0,0,1
gargantuan,dragon,chaotic evil,20.0,333,20.0,40,40,80,0,40,23,120,0,0,60,26,8,10,0,26,8,10,0,13,1,14,2,0,6,14,0,7,8,0,13,6,0,0,0,0,0,0,0,0,1
large,monstrosity,lawful neutral,17.0,199,17.0,40,0,60,0,0,20,0,120,0,0,22,6,10,0,20,5,16,3,18,4,23,6,0,6,11,9,10,0,0,10,0,0,0,0,9,15,0,0,0,1
medium,construct,unaligned,18.0,33,1.0,25,0,0,0,0,6,0,0,0,60,14,2,11,0,13,1,1,-5,3,-4,1,-5,0,0,0,0,0,0,0,0,0,0,0,0,0,0,0,0,0,0
large,monstrosity,unaligned,14.0,39,2.0,30,0,0,0,10,11,60,0,60,0,17,3,11,0,13,1,1,-5,13,1,6,-2,0,0,0,0,0,0,0,0,0,0,0,0,0,0,0,0,0,0
huge,beast,unaligned,15.0,68,3.0,30,0,0,0,0,11,0,0,0,0,19,4,11,0,15,2,2,-4,12,1,5,-3,0,0,0,0,0,0,0,0,0,0,0,0,0,0,0,0,0,0
large,fey,chaotic evil,17.0,75,6.0,40,0,0,0,0,15,60,0,0,0,21,5,12,1,14,2,13,1,14,2,15,2,0,0,5,0,0,0,0,5,0,0,0,5,0,0,0,0,0,0
medium,beast,unaligned,12.0,19,0.5,30,0,0,30,0,13,0,0,0,0,16,3,14,2,14,2,6,-2,12,1,7,-2,0,0,0,0,0,0,0,3,0,0,0,0,0,0,0,5,0,0
medium,humanoid,any alignment,10.0,9,0.25,30,0,0,0,0,10,0,0,0,0,10,0,10,0,10,0,14,2,10,0,11,0,0,0,0,0,0,0,4,0,0,0,0,0,4,0,0,0,0,0
medium,fiend,neutral evil,17.0,104,12.0,30,0,30,0,0,17,0,120,0,0,17,3,12,1,14,2,20,5,16,3,17,3,0,5,0,9,7,7,0,7,0,0,9,9,13,0,0,0,0,0
medium,humanoid,any alignment,16.0,132,12.0,30,0,0,0,0,19,0,0,0,0,10,0,14,2,12,1,12,1,20,5,11,0,0,0,0,5,9,0,0,9,0,0,0,0,0,0,0,0,0,0
medium,humanoid,any alignment,16.0,75,3.0,30,0,0,0,0,15,0,0,0,0,11,0,18,4,16,3,11,0,13,1,10,0,0,0,0,0,0,0,0,5,0,0,0,0,0,0,6,0,0,0
medium,humanoid,any alignment,12.0,99,12.0,30,0,0,0,0,12,0,0,0,0,10,0,14,2,12,1,20,5,15,2,16,3,0,0,0,9,6,0,13,0,0,0,0,0,13,0,0,0,0,0
large,fiend,chaotic evil,16.0,84,7.0,60,0,0,0,0,11,120,0,0,0,21,5,18,4,21,5,8,-1,12,1,13,1,0,0,0,0,0,0,0,0,0,0,0,0,0,0,0,0,0,0
medium,humanoid,any non-good alignment,15.0,78,8.0,30,0,0,0,0,13,0,0,0,0,11,0,16,3,14,2,13,1,11,0,10,0,0,6,0,4,0,0,0,3,9,0,0,3,0,0,6,0,0,0
large,plant,unaligned,13.0,85,3.0,5,0,0,5,0,10,0,0,0,30,18,4,10,0,16,3,1,-5,10,0,1,-5,0,0,0,0,0,0,0,0,0,0,0,0,0,0,0,0,0,0
gargantuan,monstrosity,unaligned,20.0,297,21.0,15,0,80,0,0,19,120,0,0,0,28,9,7,-2,25,7,5,-3,14,2,18,4,0,5,0,0,9,0,0,9,0,0,0,0,0,0,0,0,0,1
huge,undead,neutral evil,7.0,225,13.0,0,0,50,0,0,14,120,120,0,0,19,4,5,-3,22,6,25,7,19,4,24,7,0,0,11,0,9,0,0,0,0,0,0,0,0,0,0,0,0,0
large,beast,unaligned,11.0,38,2.0,50,0,0,0,0,11,0,0,0,0,20,5,10,0,19,4,2,-4,12,1,5,-3,0,0,0,0,0,0,0,0,0,0,0,0,0,0,0,0,0,0
medium,fey,chaotic neutral,19.0,127,10.0,30,0,0,0,0,13,60,0,0,0,12,1,16,3,16,3,14,2,17,3,18,4,0,0,0,0,0,0,0,0,0,0,7,0,0,0,0,0,0,0
small,plant,unaligned,9.0,10,0.0,20,0,0,0,0,10,0,0,0,0,3,-4,8,-1,11,0,10,0,10,0,6,-2,0,0,0,0,0,0,0,0,0,0,0,0,0,0,0,0,0,0
huge,plant,unaligned,13.0,59,2.0,20,0,0,0,0,10,0,0,0,0,19,4,6,-2,15,2,10,0,10,0,7,-2,0,0,0,0,0,0,0,0,0,0,0,0,0,0,0,0,0,0
large,beast,unaligned,11.0,19,0.25,50,0,0,0,0,10,0,0,0,0,14,2,12,1,12,1,2,-4,10,0,5,-3,0,0,0,0,0,0,0,0,0,0,0,0,0,0,0,0,0,0
medium,elemental,lawful neutral,17.0,39,2.0,30,0,0,0,0,11,0,0,0,0,17,3,12,1,15,2,12,1,13,1,10,0,0,0,4,0,0,0,0,0,0,0,0,0,0,0,0,0,0,0
medium,fiend,chaotic evil,16.0,82,4.0,40,0,0,0,0,15,120,0,0,0,19,4,16,3,16,3,11,0,12,1,13,1,0,0,0,0,0,0,0,5,5,0,0,0,0,0,0,0,0,0
small,beast,unaligned,12.0,3,0.0,30,0,0,30,0,11,0,0,0,0,8,-1,14,2,11,0,4,-3,12,1,6,-2,0,0,0,0,0,0,0,0,0,0,0,0,0,0,0,0,0,0
tiny,beast,unaligned,10.0,3,0.0,20,0,0,0,5,11,30,0,0,0,4,-3,11,0,12,1,2,-4,12,1,5,-3,0,0,0,0,0,0,0,0,0,0,0,0,0,0,0,0,0,0
large,fiend,lawful evil,18.0,189,19.0,30,0,0,0,0,23,0,120,0,0,24,7,17,3,20,5,21,5,24,7,24,7,0,9,11,11,0,13,0,13,0,13,0,0,0,0,0,0,13,0
large,aberration,chaotic evil,17.0,114,11.0,25,0,0,25,0,16,0,0,0,500,17,3,8,-1,18,4,6,-2,15,2,8,-1,0,0,8,0,0,0,0,6,0,0,0,0,0,0,0,0,0,0
huge,fiend,chaotic evil,19.0,262,19.0,40,0,80,0,0,13,0,120,0,0,26,8,15,2,22,6,20,5,16,3,22,6,14,0,12,0,9,12,0,0,0,0,0,0,0,0,0,0,0,0
large,monstrosity,neutral evil,15.0,84,5.0,30,0,0,0,0,12,120,0,0,0,20,5,12,1,20,5,11,0,14,2,8,-1,0,0,0,0,0,0,0,0,7,0,0,0,0,0,0,8,0,0
medium,humanoid,any non-lawful alignment,12.0,11,0.125,30,0,0,0,0,10,0,0,0,0,11,0,12,1,12,1,10,0,10,0,10,0,0,0,0,0,0,0,0,0,0,0,0,0,0,0,0,0,0,0
medium,humanoid,any non-lawful alignment,15.0,65,2.0,30,0,0,0,0,10,0,0,0,0,15,2,16,3,14,2,14,2,11,0,14,2,4,5,0,0,2,0,0,0,0,0,0,4,0,0,0,4,0,0
medium,undead,chaotic evil,12.0,58,4.0,0,0,40,0,0,10,60,0,0,0,1,-5,14,2,10,0,12,1,11,0,17,3,0,0,0,0,2,5,0,0,0,0,0,0,0,0,0,0,0,0
huge,fiend,chaotic evil,22.0,275,23.0,40,0,0,0,0,24,0,120,0,0,30,1,14,2,26,8,18,4,24,7,16,3,0,9,15,0,14,0,0,14,0,0,0,0,0,0,0,0,17,0
medium,fiend,lawful evil,15.0,110,5.0,30,0,0,0,0,18,120,0,0,0,16,3,17,3,18,4,12,1,14,2,14,2,6,0,7,0,5,5,0,8,0,0,5,5,0,0,0,0,0,0
medium,humanoid,any alignment,15.0,44,2.0,30,0,0,0,0,15,0,0,0,0,11,0,14,2,12,1,10,0,13,1,14,2,0,4,0,0,3,0,0,5,0,0,0,0,0,0,4,0,0,0
large,fiend,neutral evil,17.0,90,4.0,60,0,0,0,0,15,60,0,0,60,19,4,15,2,14,2,13,1,12,1,14,2,0,0,0,0,0,0,0,5,4,0,0,4,0,0,0,0,4,0
large,fiend,chaotic evil,15.0,68,5.0,40,0,0,40,0,15,120,0,0,30,18,4,15,2,16,3,7,-2,14,2,9,-1,0,5,6,0,0,0,0,5,5,0,0,0,0,0,0,0,0,0
medium,monstrosity,unaligned,15.0,52,3.0,20,0,0,0,0,9,60,0,0,0,16,3,8,-1,15,2,2,-4,8,-1,7,-2,0,0,0,0,0,0,0,0,0,0,0,0,0,0,0,0,0,0
tiny,beast,unaligned,12.0,1,0.0,5,0,30,0,0,11,0,0,0,60,2,-4,15,2,8,-1,2,-4,12,1,4,-3,0,0,0,0,0,0,0,0,0,0,0,0,0,0,0,0,0,0
medium,fiend,lawful evil,13.0,52,3.0,30,0,0,0,0,10,120,0,0,0,16,3,15,2,15,2,9,-1,11,0,11,0,5,0,4,0,2,0,0,0,0,0,0,0,0,0,0,0,0,0
huge,monstrosity,neutral evil,17.0,168,11.0,50,0,0,40,0,16,90,0,0,0,23,6,16,3,18,4,7,-2,14,2,12,1,0,0,0,0,0,0,0,6,7,0,0,0,0,0,0,0,0,0
large,aberration,lawful evil,18.0,180,13.0,0,0,20,0,0,22,120,0,0,0,10,0,14,2,18,4,17,3,15,2,17,3,0,0,0,8,7,8,0,12,0,0,0,0,0,0,0,0,0,1
large,undead,neutral evil,15.0,93,5.0,0,0,20,0,0,9,60,0,0,0,10,0,8,-1,16,3,3,-4,8,-1,5,-3,0,0,0,0,2,0,0,0,0,0,0,0,0,0,0,0,0,0
huge,fiend,chaotic evil,19.0,262,20.0,40,0,80,0,0,13,0,120,0,0,26,8,15,2,22,6,20,5,16,3,22,6,14,0,12,0,9,12,0,0,0,0,0,0,0,0,0,0,0,0
medium,aberration,neutral evil,14.0,38,2.0,30,0,40,0,0,12,0,120,0,0,9,-1,16,3,9,-1,17,3,11,0,10,0,0,5,0,5,0,0,5,2,0,0,2,0,5,5,0,0,0,0
medium,humanoid,any chaotic alignment,13.0,67,2.0,30,0,0,0,0,10,0,0,0,0,16,3,12,1,17,3,9,-1,11,0,9,-1,0,0,0,0,0,0,0,0,0,0,0,0,0,0,0,0,0,0
medium,fey,chaotic evil,17.0,91,7.0,30,0,0,0,0,14,60,0,0,0,13,1,16,3,14,2,12,1,13,1,16,3,0,0,0,0,4,0,0,4,6,0,0,0,0,0,0,0,0,0
medium,fiend,lawful evil,15.0,58,7.0,30,0,40,0,0,16,120,0,0,0,14,2,17,3,14,2,13,1,16,3,11,0,0,6,0,0,6,0,0,6,6,0,0,0,0,0,0,0,0,0
medium,beast,unaligned,11.0,19,0.5,40,0,0,30,0,13,0,0,0,0,15,2,10,0,14,2,2,-4,12,1,7,-2,0,0,0,0,0,0,0,3,0,0,0,0,0,0,0,0,0,0
medium,dragon,chaotic evil,17.0,33,2.0,30,30,60,0,0,14,60,0,0,10,15,2,14,2,13,1,10,0,11,0,13,1,0,4,3,0,2,3,0,4,4,0,0,0,0,0,0,0,0,0
medium,humanoid,lawful evil,16.0,51,6.0,30,0,0,0,0,15,0,0,0,0,18,4,11,0,18,4,12,1,15,2,18,4,0,0,0,0,5,0,0,5,0,0,0,0,0,0,0,0,7,0
large,ooze,unaligned,7.0,85,4.0,20,0,0,20,0,8,0,0,0,60,16,3,5,-3,16,3,1,-5,6,-2,1,-5,0,0,0,0,0,0,0,0,0,0,0,0,0,0,0,0,0,0
medium,humanoid,any non-good alignment,18.0,153,8.0,30,0,0,0,0,12,0,0,0,0,18,4,11,0,18,4,11,0,14,2,15,2,0,0,0,0,5,5,0,0,0,0,0,5,0,0,0,7,5,0
medium,fey,lawful good,13.0,22,0.25,40,0,0,0,0,13,0,0,0,0,12,1,17,3,12,1,10,0,13,1,11,0,0,0,0,0,0,0,0,3,5,0,0,0,0,0,0,0,0,0
small,beast,unaligned,12.0,7,0.125,10,0,60,0,0,14,0,0,0,0,6,-2,14,2,10,0,3,-4,14,2,5,-3,0,0,0,0,0,0,0,4,0,0,0,0,0,0,0,0,0,0
medium,fiend,lawful evil,19.0,195,17.0,30,0,50,0,0,16,120,0,0,0,15,2,14,2,17,3,22,6,23,6,18,4,0,0,0,12,12,0,0,0,0,0,0,0,12,0,0,0,0,0
medium,dragon,lawful evil,17.0,52,3.0,30,0,60,0,15,14,60,0,0,10,17,3,10,0,15,2,12,1,11,0,15,2,0,2,4,0,2,4,0,4,2,0,0,0,0,0,0,0,0,0
large,aberration,chaotic neutral,15.0,123,7.0,30,0,0,0,0,11,60,0,0,0,20,5,15,2,18,4,7,-2,7,-2,9,-1,0,0,0,0,0,0,0,1,0,0,0,0,0,0,0,0,0,0
medium,beast,unaligned,11.0,11,0.25,40,0,0,0,0,9,0,0,0,0,13,1,11,0,12,1,2,-4,9,-1,5,-3,0,0,0,0,0,0,0,0,0,0,0,0,0,0,0,0,0,0
medium,undead,chaotic evil,15.0,58,6.0,30,0,0,0,0,14,120,0,0,0,15,2,16,3,15,2,7,-2,12,1,12,1,0,0,0,0,0,0,0,4,6,0,0,0,0,0,0,0,0,0
small,fey,chaotic neutral,14.0,18,0.125,30,0,0,30,0,13,60,0,0,0,8,-1,18,4,13,1,6,-2,12,1,7,-2,0,0,0,0,0,0,0,3,6,0,0,0,0,0,0,0,0,0
large,fiend,lawful evil,19.0,142,9.0,40,0,40,0,0,12,120,0,0,0,18,4,16,3,18,4,13,1,14,2,16,3,0,0,0,5,6,7,0,0,0,0,6,7,0,0,0,0,0,0
large,undead,lawful evil,15.0,58,4.0,30,0,0,0,0,12,60,0,0,0,15,2,16,3,12,1,15,2,15,2,16,3,0,0,0,0,0,0,0,0,0,0,0,0,0,0,0,0,0,0
large,undead,chaotic evil,16.0,127,12.0,40,0,0,0,0,16,60,0,0,0,19,4,16,3,15,2,13,1,15,2,9,-1,0,7,6,0,6,0,0,6,7,0,0,0,0,0,0,0,0,0
medium,dragon,chaotic good,16.0,16,1.0,30,0,60,0,15,14,60,0,0,10,15,2,10,0,13,1,10,0,11,0,13,1,0,2,3,0,2,3,0,4,2,0,0,0,0,0,0,0,0,0
gargantuan,beast,unaligned,15.0,121,5.0,30,0,0,0,0,10,0,0,0,0,21,5,9,-1,17,3,2,-4,10,0,7,-2,0,0,6,0,0,0,0,0,0,0,0,0,0,0,0,0,0,0
medium,dragon,lawful good,17.0,32,2.0,30,30,60,0,0,14,60,0,0,10,17,3,10,0,15,2,12,1,11,0,15,2,0,2,4,0,2,4,0,4,2,0,0,0,0,0,0,0,0,0
large,beast,unaligned,11.0,34,1.0,40,0,0,30,0,13,0,0,0,0,19,4,10,0,16,3,2,-4,13,1,7,-2,0,0,0,0,0,0,0,3,0,0,0,0,0,0,0,0,0,0
medium,humanoid,chaotic evil,16.0,27,1.0,30,0,0,0,0,10,60,0,0,0,15,2,14,2,13,1,8,-1,11,0,9,-1,0,0,0,0,0,0,0,0,6,0,0,0,0,0,0,0,0,0
medium,humanoid,chaotic evil,17.0,65,3.0,30,0,0,0,0,11,60,0,0,0,17,3,14,2,14,2,11,0,12,1,11,0,0,0,0,0,0,0,0,0,6,0,0,0,0,0,0,0,2,0
large,monstrosity,unaligned,17.0,94,5.0,40,0,0,0,40,16,60,0,60,0,19,4,11,0,21,5,2,-4,10,0,5,-3,0,0,0,0,0,0,0,6,0,0,0,0,0,0,0,0,0,0
medium,fiend,chaotic evil,14.0,52,3.0,40,0,0,0,0,9,120,0,0,0,15,2,14,2,17,3,8,-1,9,-1,6,-2,0,0,0,0,0,0,0,0,0,0,0,0,0,0,0,0,0,0
medium,humanoid,neutral evil,15.0,11,0.25,20,40,0,0,0,10,0,0,0,0,12,1,12,1,13,1,7,-2,10,0,7,-2,0,0,0,0,0,0,0,0,3,0,0,0,0,0,0,0,0,0
large,construct,lawful evil,17.0,189,14.0,30,0,0,0,0,10,60,0,0,0,21,5,14,2,20,5,5,-3,11,0,8,-1,0,0,0,0,0,0,0,0,0,0,0,0,0,0,0,0,0,0
medium,fiend,any evil alignment,19.0,82,5.0,30,0,60,0,0,14,60,0,0,0,18,4,18,4,16,3,14,2,12,1,16,3,7,0,6,5,0,6,0,4,7,0,0,6,0,0,0,0,6,0
large,beast,unaligned,9.0,15,0.125,50,0,0,0,0,9,0,0,0,0,16,3,8,-1,14,2,2,-4,8,-1,5,-3,0,0,0,0,0,0,0,0,0,0,0,0,0,0,0,0,0,0
medium,fiend,neutral evil,16.0,120,8.0,50,0,0,0,0,19,60,120,0,0,18,4,10,0,17,3,5,-3,17,3,12,1,0,0,0,0,0,0,0,9,0,0,0,0,0,0,0,0,0,0
large,monstrosity,unaligned,13.0,51,2.0,30,0,0,30,0,13,60,0,0,0,14,2,13,1,16,3,1,-5,12,1,5,-3,0,0,0,0,0,0,0,3,0,0,0,0,0,0,0,0,0,0
tiny,beast,unaligned,12.0,2,0.0,40,0,0,30,0,13,0,0,0,0,3,-4,15,2,10,0,3,-4,12,1,7,-2,0,0,0,0,0,0,0,3,4,0,0,0,0,0,0,0,0,0
large,monstrosity,unaligned,14.0,84,5.0,30,0,0,0,0,12,60,0,0,0,19,4,12,1,21,5,3,-4,14,2,8,-1,0,0,0,0,0,0,0,0,0,0,0,0,0,0,0,0,0,0
medium,monstrosity,unaligned,16.0,58,3.0,20,0,0,20,0,12,0,0,0,60,16,3,13,1,14,2,3,-4,10,0,3,-4,0,0,0,0,0,0,0,2,5,0,0,0,0,0,0,0,0,0
large,monstrosity,neutral good,12.0,45,2.0,50,0,0,0,0,13,0,0,0,0,18,4,14,2,14,2,9,-1,13,1,11,0,0,0,0,0,0,0,0,3,0,0,0,0,0,0,0,6,0,0
medium,fiend,lawful evil,16.0,85,8.0,30,0,0,0,0,11,120,0,0,0,18,4,15,2,18,4,11,0,12,1,14,2,0,0,7,0,4,5,0,0,0,0,0,0,0,0,0,0,0,0
medium,humanoid,any alignment,18.0,143,9.0,30,0,0,0,0,16,0,0,0,0,20,5,15,2,14,2,10,0,14,2,12,1,9,0,6,0,0,0,0,6,0,0,0,0,0,0,0,9,5,0
large,fiend,chaotic evil,15.0,84,6.0,20,0,60,0,0,15,120,0,0,10,15,2,15,2,12,1,11,0,14,2,10,0,0,5,0,0,5,0,0,5,0,0,0,0,0,0,0,0,0,0
large,monstrosity,chaotic evil,14.0,114,6.0,30,0,60,0,0,18,60,0,0,0,19,4,11,0,19,4,3,-4,14,2,10,0,0,0,0,0,0,0,0,8,0,0,0,0,0,0,0,0,0,0
small,monstrosity,chaotic evil,14.0,18,0.5,30,0,0,30,0,10,60,0,0,0,10,0,14,2,12,1,10,0,10,0,7,-2,0,0,0,0,0,0,0,0,4,0,0,0,0,0,0,4,0,0
small,aberration,chaotic evil,16.0,13,1.0,30,0,0,0,0,11,60,0,0,0,16,3,14,2,13,1,4,-3,12,1,7,-2,0,0,0,0,0,0,0,0,6,0,0,0,0,0,0,0,0,0
medium,monstrosity,chaotic evil,15.0,66,3.0,30,0,0,30,0,12,60,0,0,0,12,1,16,3,12,1,11,0,14,2,10,0,0,0,0,0,0,0,0,0,5,0,0,0,0,2,0,5,0,0
large,aberration,chaotic evil,16.0,93,4.0,30,30,0,0,0,14,60,0,0,0,19,4,10,0,16,3,5,-3,11,0,5,-3,0,0,0,0,0,0,0,4,0,0,0,0,0,0,0,0,0,0
large,construct,unaligned,14.0,133,9.0,20,0,0,0,0,9,60,0,0,0,20,5,9,-1,18,4,3,-4,8,-1,1,-5,0,0,0,0,0,0,0,0,0,0,0,0,0,0,0,0,0,0
large,aberration,chaotic neutral,14.0,78,8.0,10,0,40,0,0,11,60,0,0,0,17,3,15,2,12,1,13,1,12,1,14,2,0,0,0,0,0,0,0,0,5,0,0,0,0,0,0,0,0,0
huge,giant,neutral good (50 %) or neutral evil (50 %),14.0,200,9.0,40,0,0,0,0,17,0,0,0,0,27,8,10,0,22,6,12,1,16,3,16,3,0,0,10,0,7,7,0,7,0,0,7,0,0,0,0,0,0,0
huge,giant,chaotic neutral,15.0,262,11.0,40,0,0,0,0,17,0,0,0,0,26,8,12,1,22,6,15,2,16,3,17,3,0,0,10,6,0,7,0,7,0,0,7,11,0,0,0,0,0,0
small,monstrosity,unaligned,11.0,27,0.5,20,0,40,0,0,11,60,0,0,0,6,-2,12,1,12,1,2,-4,13,1,5,-3,0,0,0,0,0,0,0,0,0,0,0,0,0,0,0,0,0,0
medium,humanoid,any alignment,10.0,4,0.0,30,0,0,0,0,10,0,0,0,0,10,0,10,0,10,0,10,0,10,0,10,0,0,0,0,0,0,0,0,0,0,0,0,0,0,0,0,0,0,0
medium,humanoid,any alignment,12.0,40,6.0,30,0,0,0,0,11,0,0,0,0,9,-1,14,2,11,0,17,3,12,1,11,0,0,0,0,6,4,0,6,0,0,0,0,0,6,0,0,0,0,0
large,beast,unaligned,12.0,13,0.25,30,30,0,0,0,10,0,0,0,10,15,2,14,2,12,1,1,-5,10,0,3,-4,0,0,0,0,0,0,0,0,0,0,0,0,0,0,0,0,0,0
medium,dragon,chaotic good,16.0,22,1.0,30,0,60,30,0,14,60,0,0,10,15,2,12,1,13,1,14,2,11,0,13,1,0,3,3,0,2,3,0,4,3,0,0,0,0,0,0,0,0,0
large,plant,chaotic evil,12.0,127,8.0,20,0,0,20,0,12,0,0,0,120,14,2,14,2,16,3,7,-2,15,2,3,-4,0,0,0,0,0,0,0,0,0,0,0,0,0,0,0,0,0,0
medium,celestial,lawful good,19.0,97,4.0,30,0,90,0,0,15,0,120,0,0,16,3,20,5,17,3,18,4,20,5,18,4,0,0,5,0,7,6,0,0,0,0,0,0,0,0,0,0,0,0
large,beast,unaligned,10.0,15,0.25,30,0,0,0,0,10,0,0,0,0,18,4,10,0,14,2,2,-4,10,0,4,-3,0,0,0,0,0,0,0,0,0,0,0,0,0,0,0,0,0,0
tiny,beast,unaligned,11.0,2,0.0,20,20,0,0,0,9,0,0,0,30,2,-4,11,0,10,0,1,-5,8,-1,2,-4,0,0,0,0,0,0,0,0,2,0,0,0,0,0,0,0,0,0
large,monstrosity,unaligned,13.0,34,1.0,40,0,0,30,0,14,60,0,0,0,16,3,17,3,16,3,4,-3,14,2,8,-1,0,0,0,0,0,0,0,4,7,0,0,0,0,0,0,0,0,0
tiny,beast,lawful evil,12.0,2,0.0,30,0,0,0,0,10,30,0,0,0,2,-4,14,2,10,0,4,-3,11,0,8,-1,0,0,0,0,0,0,0,0,0,0,0,0,0,0,0,0,0,0
tiny,undead,neutral evil,12.0,2,0.0,20,0,0,20,0,10,0,0,0,30,13,1,14,2,11,0,5,-3,10,0,4,-3,0,0,0,0,0,0,0,0,0,0,0,0,0,0,0,0,0,0
large,beast,unaligned,12.0,19,0.5,20,30,0,0,0,10,0,0,0,0,15,2,10,0,13,1,2,-4,10,0,5,-3,0,0,0,0,0,0,0,0,2,0,0,0,0,0,0,0,0,0
gargantuan,fiend,chaotic evil,15.0,297,14.0,60,60,0,0,0,10,120,0,0,0,28,9,10,0,24,7,6,-2,10,0,13,1,0,0,12,0,5,0,0,0,0,0,0,0,0,0,0,0,0,0
medium,humanoid,any non-good alignment,13.0,33,2.0,30,0,0,0,0,11,0,0,0,0,11,0,14,2,12,1,10,0,13,1,14,2,0,0,0,0,0,0,0,0,0,4,0,4,0,2,0,0,0,0
medium,humanoid,any non-good alignment,12.0,9,0.125,30,0,0,0,0,10,0,0,0,0,11,0,12,1,10,0,10,0,11,0,10,0,0,0,0,0,0,0,0,0,0,0,0,2,0,2,0,0,0,0
huge,giant,chaotic neutral,14.0,138,6.0,30,0,0,0,0,8,0,0,0,0,22,6,11,0,20,5,8,-1,6,-2,10,0,0,0,0,0,0,0,0,0,0,0,0,0,0,0,0,0,0,0
large,elemental,neutral evil,18.0,187,11.0,30,0,30,0,30,11,120,0,0,0,23,6,12,1,24,7,12,1,13,1,14,2,0,0,0,5,5,6,0,0,0,0,0,0,0,0,0,0,0,0
small,fey,chaotic neutral,14.0,13,0.5,30,0,0,0,0,15,120,0,0,30,9,-1,16,3,12,1,10,0,12,1,10,0,0,0,0,0,0,0,0,5,7,0,0,2,0,0,5,0,0,0
medium,fey,chaotic neutral,15.0,27,2.0,30,0,0,0,0,16,120,0,0,30,13,1,17,3,12,1,10,0,14,2,13,1,0,0,0,0,0,0,0,6,7,0,0,3,0,0,5,0,0,0
small,monstrosity,unaligned,11.0,22,0.5,10,0,30,0,0,10,0,0,0,60,16,3,12,1,13,1,2,-4,10,0,5,-3,0,0,0,0,0,0,0,0,3,0,0,0,0,0,0,0,0,0
medium,monstrosity,neutral evil,12.0,39,1.0,40,0,0,0,0,15,120,0,0,0,15,2,14,2,14,2,3,-4,13,1,6,-2,0,0,0,0,0,0,0,5,4,0,0,0,0,0,0,0,0,0
large,aberration,neutral evil,16.0,161,10.0,0,0,30,0,0,15,120,0,0,0,18,4,14,2,18,4,10,0,12,1,10,0,0,0,8,0,5,0,0,5,0,0,0,0,0,0,0,0,0,0
medium,undead,chaotic evil,20.0,180,17.0,30,0,0,0,0,13,120,0,0,0,20,5,11,0,20,5,12,1,16,3,18,4,0,6,0,0,9,10,0,0,0,0,0,0,0,0,0,0,0,0
medium,aberration,chaotic evil,18.0,170,10.0,30,0,0,0,0,18,60,0,0,60,20,5,15,2,19,4,15,2,10,0,16,3,0,0,0,0,0,0,0,8,0,0,0,0,6,0,0,0,0,0
large,undead,lawful evil,19.0,187,14.0,0,0,20,0,0,22,120,0,0,0,10,0,14,2,14,2,19,4,15,2,19,4,5,0,7,9,7,9,0,12,0,0,0,0,0,0,0,0,0,1
medium,humanoid,chaotic evil,15.0,76,5.0,50,0,0,0,0,14,60,0,0,0,20,5,20,5,20,5,14,2,13,1,16,3,0,0,0,0,0,0,0,4,11,6,0,0,0,0,0,0,6,0
medium,undead,neutral evil,12.0,36,4.0,30,0,0,0,0,11,60,0,0,0,11,0,15,2,10,0,14,2,12,1,16,3,0,0,0,4,0,5,4,0,0,0,0,0,4,0,0,0,0,0
medium,undead,neutral evil,13.0,110,8.0,30,0,0,0,0,14,120,0,0,0,11,0,16,3,12,1,15,2,12,1,17,3,0,0,0,5,0,6,5,4,0,0,0,0,5,0,0,0,0,0
medium,undead,neutral evil,12.0,37,3.0,30,0,0,0,0,14,60,0,0,0,11,0,14,2,16,3,12,1,14,2,16,3,0,0,0,0,4,0,0,4,0,0,0,0,3,0,0,0,0,0
small,humanoid,neutral good,15.0,16,0.5,20,0,0,0,0,12,120,0,0,0,15,2,14,2,14,2,12,1,10,0,9,-1,0,0,0,0,0,0,0,2,4,0,0,0,0,0,0,0,0,0
medium,humanoid,neutral evil,11.0,67,3.0,30,40,0,0,0,11,120,0,0,0,18,4,13,1,16,3,10,0,12,1,14,2,0,0,0,0,3,4,0,0,3,0,3,6,0,0,0,0,0,0
medium,beast,unaligned,13.0,4,0.0,50,0,0,0,0,12,0,0,0,0,11,0,16,3,11,0,2,-4,14,2,5,-3,0,0,0,0,0,0,0,0,0,0,0,0,0,0,0,0,0,0
medium,beast,unaligned,13.0,26,1.0,40,0,0,0,0,13,0,0,0,0,15,2,15,2,14,2,4,-3,12,1,6,-2,0,0,0,0,0,0,0,3,0,0,0,0,0,0,0,0,0,0
tiny,undead,neutral evil,20.0,80,18.0,0,0,30,0,0,13,0,120,0,0,1,-5,20,5,10,0,20,5,17,3,20,5,0,0,6,11,9,11,0,0,0,0,0,0,0,0,0,0,0,1
huge,fiend,chaotic evil,22.0,406,26.0,50,50,0,0,0,29,0,120,0,0,29,9,14,2,26,8,20,5,17,3,25,7,0,10,16,0,11,15,0,19,0,0,11,0,0,0,0,0,0,0
small,humanoid,chaotic evil,13.0,13,0.25,30,0,0,0,0,7,120,0,0,0,10,0,14,2,12,1,11,0,5,-3,9,-1,0,0,0,0,0,0,0,0,4,0,0,0,0,0,0,0,0,0
small,humanoid,chaotic evil,13.0,36,3.0,30,0,0,0,0,7,120,0,0,0,9,-1,14,2,12,1,11,0,5,-3,14,2,0,0,0,0,0,0,0,0,4,0,0,0,0,0,0,0,0,0
medium,celestial,lawful good,17.0,136,10.0,30,0,90,0,0,19,120,0,0,0,18,4,18,4,18,4,17,3,20,5,20,5,0,0,0,0,9,9,0,9,0,0,9,0,0,0,0,0,0,0
medium,plant,neutral evil,15.0,105,7.0,30,0,0,0,0,15,0,0,0,60,17,3,11,0,17,3,12,1,14,2,14,2,0,0,6,0,5,0,0,5,0,0,0,0,0,0,0,0,0,0
large,fiend,chaotic evil,16.0,178,13.0,30,0,0,0,0,10,120,0,0,0,20,5,12,1,20,5,13,1,10,0,16,3,0,0,0,0,0,0,0,0,0,0,0,0,0,0,0,0,0,0
medium,fiend,neutral evil,15.0,119,7.0,30,0,0,0,0,10,60,0,0,60,17,3,10,0,19,4,7,-2,10,0,9,-1,6,0,0,0,0,0,0,0,0,0,0,0,0,0,0,0,0,0
medium,beast,unaligned,12.0,19,0.25,30,20,0,0,0,12,0,0,0,0,14,2,10,0,15,2,2,-4,10,0,5,-3,0,0,0,0,0,0,0,2,0,0,0,0,0,0,0,0,0,0
huge,giant,chaotic evil,15.0,172,13.0,40,0,0,0,0,15,60,0,0,0,22,6,15,2,21,5,9,-1,11,0,5,-3,0,0,0,0,5,2,0,5,0,0,0,0,0,0,0,0,0,0
large,beast,unaligned,14.0,37,1.0,50,0,0,0,0,13,0,0,0,0,17,3,15,2,15,2,3,-4,12,1,7,-2,0,0,0,0,0,0,0,3,4,0,0,0,0,0,0,0,0,0
large,monstrosity,lawful evil,13.0,85,3.0,40,0,0,0,0,11,60,0,0,0,18,4,15,2,16,3,6,-2,12,1,8,-1,0,0,0,0,0,0,0,0,0,0,0,0,0,0,0,0,0,0
medium,humanoid,any alignment,12.0,67,8.0,30,0,0,0,0,11,0,0,0,0,9,-1,14,2,11,0,18,4,12,1,11,0,0,0,0,7,4,0,7,0,0,0,0,0,7,0,0,0,0,0
large,elemental,chaotic good,17.0,161,11.0,30,0,90,0,0,13,120,0,0,0,21,5,15,2,22,6,15,2,16,3,20,5,0,6,0,0,7,9,0,0,0,0,0,0,0,0,0,0,0,0
medium,beast,unaligned,12.0,11,0.125,0,60,0,0,0,13,0,0,0,60,14,2,13,1,13,1,6,-2,12,1,7,-2,0,0,0,0,0,0,0,3,0,0,0,0,0,0,0,0,0,0
medium,monstrosity,neutral,14.0,52,3.0,30,0,0,0,0,11,60,0,0,0,11,0,18,4,14,2,11,0,12,1,14,2,0,0,0,0,0,0,0,0,0,0,3,6,0,0,0,0,0,0
large,fiend,chaotic evil,15.0,123,7.0,30,0,0,0,0,13,120,0,0,0,20,5,15,2,18,4,13,1,11,0,11,0,0,0,0,0,0,0,0,3,5,0,0,0,0,0,0,0,0,0
large,beast,unaligned,10.0,19,0.25,40,0,0,0,0,10,0,0,0,0,18,4,10,0,12,1,2,-4,11,0,7,-2,0,0,0,0,0,0,0,0,0,0,0,0,0,0,0,0,0,0
gargantuan,dragon,neutral,20.0,341,17.0,20,40,0,0,0,11,120,0,0,0,25,7,10,0,20,5,10,0,12,1,12,1,0,6,11,0,7,0,0,0,0,0,0,0,0,0,0,0,0,0
medium,humanoid,lawful good,17.0,120,5.0,30,0,0,0,0,13,0,0,0,0,15,2,13,1,17,3,14,2,16,3,18,4,0,0,0,0,6,7,0,0,0,0,0,0,0,0,0,5,0,0
small,fiend,chaotic evil,11.0,18,0.25,20,0,0,0,0,9,60,0,0,0,11,0,11,0,12,1,5,-3,8,-1,3,-4,0,0,0,0,0,0,0,0,0,0,0,0,0,0,0,0,0,0
large,monstrosity,chaotic evil,19.0,123,6.0,30,0,0,30,0,15,120,0,0,0,16,3,16,3,18,4,13,1,14,2,12,1,0,0,0,0,0,0,0,5,9,0,0,0,0,0,0,0,0,0
medium,humanoid,neutral evil,15.0,13,0.25,30,0,0,0,0,12,120,0,0,0,10,0,14,2,10,0,11,0,11,0,12,1,0,0,0,0,0,0,0,2,4,0,0,0,0,0,0,0,0,0
medium,humanoid,chaotic evil,15.0,162,13.0,30,0,0,30,0,17,120,0,0,10,11,0,17,3,14,2,19,4,14,2,16,3,0,0,7,9,0,8,0,7,8,0,0,0,9,0,0,0,0,0
medium,humanoid,neutral evil,18.0,71,5.0,30,0,0,0,0,14,120,0,0,0,13,1,18,4,14,2,11,0,13,1,12,1,0,7,5,0,4,0,0,4,10,0,0,0,0,0,0,0,0,0
medium,humanoid,neutral evil,15.0,225,18.0,30,0,0,0,0,18,120,0,0,0,15,2,20,5,16,3,18,4,15,2,18,4,0,11,9,0,0,10,0,8,11,0,0,0,0,0,11,8,0,0
medium,humanoid,neutral evil,16.0,162,9.0,30,0,0,0,0,16,120,0,0,0,14,2,19,4,15,2,12,1,14,2,13,1,0,8,6,0,6,0,0,6,8,0,0,0,0,0,0,0,0,0
medium,humanoid,neutral evil,16.0,143,14.0,30,0,0,0,0,20,120,0,0,0,11,0,15,2,14,2,16,3,21,5,20,5,0,0,7,0,10,10,0,10,7,0,10,0,0,8,0,0,0,0
medium,humanoid,neutral evil,12.0,45,7.0,30,0,0,0,0,14,120,0,0,0,9,-1,14,2,10,0,17,3,13,1,12,1,0,0,0,0,0,0,0,4,5,0,0,5,6,0,0,0,0,0
medium,humanoid,neutral evil,17.0,262,20.0,30,0,0,0,0,21,120,0,0,0,12,1,18,4,16,3,17,3,21,5,22,6,0,0,9,0,11,12,0,11,10,0,11,0,0,9,0,0,0,0
medium,humanoid,neutral evil,16.0,71,8.0,30,0,0,0,0,16,120,0,0,0,10,0,14,2,12,1,13,1,17,3,18,4,0,0,4,0,6,7,0,6,5,0,6,0,0,4,0,0,0,0
medium,humanoid,neutral evil,17.0,150,11.0,30,0,0,0,0,16,120,0,0,0,14,2,21,5,16,3,12,1,14,2,13,1,0,9,7,0,6,0,0,6,9,0,0,0,0,0,0,0,0,0
medium,humanoid,any alignment,11.0,27,2.0,30,0,0,0,0,14,0,0,0,0,10,0,12,1,13,1,12,1,15,2,11,0,0,0,0,0,0,0,0,4,0,0,0,0,0,0,0,0,0,0
medium,fey,neutral,11.0,22,1.0,30,0,0,0,0,14,60,0,0,0,10,0,12,1,11,0,14,2,15,2,18,4,0,0,0,0,0,0,0,4,5,0,0,0,0,0,0,0,0,0
medium,humanoid,lawful evil,16.0,26,1.0,25,0,0,0,0,10,120,0,0,0,14,2,11,0,14,2,11,0,10,0,9,-1,0,0,0,0,0,0,0,0,0,0,0,0,0,0,0,0,0,0
medium,humanoid,lawful evil,21.0,119,12.0,25,0,0,0,0,12,120,0,0,0,20,5,5,-3,19,4,15,2,14,2,13,1,0,0,8,0,6,0,0,0,0,0,0,0,0,0,0,0,0,0
medium,humanoid,lawful evil,16.0,26,2.0,25,0,0,0,0,10,120,0,0,0,14,2,11,0,14,2,11,0,10,0,9,-1,0,0,0,0,0,0,0,0,0,0,0,0,0,0,0,0,0,0
medium,humanoid,lawful evil,14.0,39,2.0,25,0,0,0,0,12,120,30,0,0,11,0,17,3,14,2,15,2,10,0,12,1,0,0,0,0,2,0,0,2,5,0,0,0,0,0,0,0,0,0
medium,humanoid,lawful evil,14.0,18,1.0,25,0,0,0,0,10,120,0,0,0,11,0,16,3,10,0,11,0,10,0,12,1,0,0,0,0,0,0,0,0,0,0,0,0,0,0,0,0,0,0
medium,humanoid,lawful evil,18.0,39,2.0,25,0,0,0,0,10,120,0,0,0,18,4,11,0,14,2,11,0,10,0,9,-1,0,0,0,0,0,0,0,0,0,0,0,0,0,0,0,0,0,0
medium,humanoid,lawful evil,20.0,75,6.0,25,0,0,0,0,11,120,0,0,0,18,4,11,0,17,3,12,1,12,1,14,2,0,0,0,0,0,0,0,0,0,0,0,0,0,0,0,0,0,0
medium,humanoid,lawful evil,18.0,26,2.0,25,0,0,0,0,10,120,0,0,0,16,3,11,0,14,2,11,0,10,0,9,-1,0,0,0,0,0,0,0,0,0,0,0,0,0,0,0,0,0,0
medium,construct,lawful neutral,15.0,11,0.25,30,0,0,0,0,10,0,120,0,0,11,0,13,1,12,1,6,-2,10,0,7,-2,0,0,0,0,0,0,0,0,0,0,0,0,0,0,0,0,0,0
small,elemental,neutral evil,12.0,17,0.5,30,0,30,0,0,12,60,0,0,0,5,-3,14,2,10,0,9,-1,11,0,10,0,0,0,0,0,0,0,0,2,4,0,0,0,0,0,0,0,0,0
medium,fiend,chaotic evil,14.0,37,4.0,0,0,40,0,0,14,120,0,0,0,6,-2,19,4,16,3,16,3,15,2,14,2,0,0,0,0,0,0,0,4,0,0,0,6,0,0,0,0,4,0
small,beast,unaligned,12.0,3,0.0,10,0,60,0,0,14,0,0,0,0,6,-2,15,2,10,0,2,-4,14,2,7,-2,0,0,0,0,0,0,0,4,0,0,0,0,0,0,0,0,0,0
large,elemental,neutral,17.0,126,5.0,30,0,0,0,30,10,60,0,60,0,20,5,8,-1,20,5,5,-3,10,0,5,-3,0,0,0,0,0,0,0,0,0,0,0,0,0,0,0,0,0,0
medium,elemental,neutral,18.0,127,7.0,30,0,0,0,0,10,60,0,0,0,18,4,10,0,17,3,8,-1,10,0,10,0,0,0,0,0,0,0,0,0,0,0,0,0,0,0,0,0,0,0
large,monstrosity,neutral evil,13.0,26,1.0,30,0,40,0,0,14,0,0,0,0,11,0,16,3,12,1,12,1,14,2,11,0,0,0,0,0,0,0,0,4,0,0,0,0,0,0,0,0,0,0
large,elemental,lawful evil,17.0,200,11.0,40,0,60,0,0,12,120,0,0,0,22,6,12,1,24,7,16,3,15,2,16,3,0,0,0,7,6,7,0,0,0,0,0,0,0,0,0,0,0,0
medium,undead,any alignment,9.0,63,12.0,0,0,40,0,0,18,60,0,0,0,7,-2,8,-1,9,-1,14,2,19,4,16,3,0,0,0,0,8,0,0,8,0,0,0,0,0,0,0,0,0,0
large,aberration,lawful evil,10.0,210,14.0,5,10,0,0,0,14,0,0,0,120,15,2,10,0,20,5,21,5,19,4,24,7,0,0,0,10,9,12,0,0,0,12,14,12,10,0,0,0,12,1
huge,ooze,lawful evil,16.0,115,10.0,20,0,0,0,0,15,0,0,0,60,15,2,16,3,21,5,22,6,13,1,18,4,0,0,0,10,0,8,10,5,0,0,0,8,10,10,0,0,0,0
gargantuan,elemental,neutral,19.0,264,23.0,0,0,120,0,0,15,60,0,0,0,23,6,28,9,23,6,2,-4,21,5,18,4,0,0,0,0,12,11,0,0,0,0,0,0,0,0,0,0,0,0
huge,beast,unaligned,12.0,76,4.0,40,0,0,0,0,10,0,0,0,0,22,6,9,-1,17,3,3,-4,11,0,6,-2,0,0,0,0,0,0,0,0,0,0,0,0,0,0,0,0,0,0
large,beast,unaligned,10.0,13,0.25,50,0,0,0,0,10,0,0,0,0,16,3,10,0,12,1,2,-4,10,0,6,-2,0,0,0,0,0,0,0,0,0,0,0,0,0,0,0,0,0,0
huge,celestial,chaotic good (75 %) or neutral evil (25 %),22.0,313,23.0,50,50,50,0,0,16,0,120,0,0,30,1,21,5,30,1,21,5,22,6,27,8,17,0,0,12,13,15,0,0,0,15,13,0,0,0,0,0,0,1
medium,humanoid,any alignment,12.0,40,5.0,30,0,0,0,0,11,0,0,0,0,9,-1,14,2,11,0,17,3,12,1,11,0,0,0,0,6,4,0,6,0,0,0,0,0,6,0,0,0,0,0
medium,fiend,lawful evil,18.0,153,12.0,30,0,60,0,0,12,0,120,0,0,18,4,16,3,18,4,14,2,14,2,18,4,0,7,8,0,6,8,0,0,0,0,0,0,0,0,0,0,0,0
medium,monstrosity,neutral evil,13.0,44,2.0,30,0,0,30,0,13,60,0,0,0,14,2,15,2,13,1,7,-2,12,1,8,-1,0,0,0,0,0,0,0,3,4,0,0,0,0,0,0,0,0,0
large,giant,chaotic evil,12.0,85,4.0,40,0,0,0,0,14,60,0,0,0,21,5,8,-1,17,3,6,-2,10,0,8,-1,0,0,0,0,0,0,0,4,0,0,0,0,0,0,0,0,0,0
medium,humanoid,any alignment,12.0,66,9.0,30,0,0,0,0,11,0,0,0,0,9,-1,14,2,12,1,17,3,12,1,11,0,0,0,0,7,5,0,7,0,0,0,0,0,7,0,0,0,0,0
medium,humanoid,any alignment,14.0,11,0.0,30,0,0,0,0,10,0,0,0,0,10,0,15,2,12,1,13,1,10,0,14,2,0,4,0,0,0,0,0,0,4,4,0,0,0,0,4,0,0,0
medium,humanoid,any alignment,14.0,16,0.0,30,0,0,0,0,10,0,0,0,0,10,0,15,2,12,1,13,1,10,0,14,2,0,4,0,0,0,0,0,0,4,4,0,0,0,0,4,0,0,0
medium,humanoid,any alignment,14.0,22,0.0,30,0,0,0,0,10,0,0,0,0,10,0,15,2,12,1,13,1,10,0,14,2,0,4,0,0,0,0,0,0,4,4,0,0,0,0,4,0,0,0
medium,humanoid,any alignment,14.0,27,0.0,30,0,0,0,0,10,0,0,0,0,10,0,17,3,12,1,13,1,10,0,14,2,0,5,0,0,0,0,0,0,5,4,0,0,0,0,5,0,0,0
medium,humanoid,any alignment,14.0,33,0.0,30,0,0,0,0,10,0,0,0,0,10,0,17,3,12,1,13,1,10,0,14,2,0,6,0,0,0,0,0,0,6,5,0,0,0,0,6,0,0,0
medium,humanoid,any alignment,14.0,38,0.0,30,0,0,0,0,10,0,0,0,0,10,0,17,3,12,1,13,1,10,0,14,2,0,6,0,0,0,0,0,0,6,5,0,0,0,0,6,0,0,0
tiny,dragon,chaotic good,15.0,14,1.0,10,0,60,0,0,13,60,0,0,0,3,-4,20,5,13,1,14,2,12,1,16,3,0,0,0,0,0,0,0,3,7,0,0,0,4,0,0,0,0,0
large,monstrosity,unaligned,14.0,30,1.0,30,0,0,30,0,14,120,0,0,0,15,2,16,3,14,2,2,-4,10,0,3,-4,0,0,0,0,0,0,0,4,7,0,0,0,0,0,0,0,0,0
large,elemental,neutral,13.0,102,5.0,50,0,0,0,0,10,60,0,0,0,10,0,17,3,16,3,6,-2,10,0,7,-2,0,0,0,0,0,0,0,0,0,0,0,0,0,0,0,0,0,0
medium,elemental,neutral,18.0,123,7.0,40,0,0,0,0,10,60,0,0,0,13,1,18,4,15,2,9,-1,10,0,10,0,0,0,0,0,0,0,0,0,0,0,0,0,0,0,0,0,0,0
huge,giant,lawful evil,18.0,162,9.0,30,0,0,0,0,16,0,0,0,0,25,7,9,-1,23,6,10,0,14,2,13,1,0,3,10,0,0,5,0,6,0,0,0,0,0,0,0,11,0,0
huge,giant,lawful evil,21.0,187,14.0,30,0,0,0,0,15,0,0,0,0,27,8,9,-1,23,6,8,-1,10,0,11,0,0,4,11,0,0,5,0,5,0,0,0,0,0,0,0,13,0,0
medium,elemental,neutral evil,14.0,22,1.0,30,0,0,0,0,10,60,0,0,0,12,1,14,2,11,0,7,-2,10,0,8,-1,0,0,0,0,0,0,0,0,0,0,0,0,0,0,0,0,0,0
medium,humanoid,neutral evil,10.0,33,1.0,30,0,0,0,0,10,120,0,0,0,13,1,11,0,12,1,9,-1,11,0,14,2,0,0,0,0,0,0,0,0,0,0,0,0,0,0,0,0,0,0
medium,humanoid,neutral evil,16.0,22,0.5,30,0,0,0,0,10,0,0,0,0,10,0,13,1,12,1,7,-2,11,0,8,-1,0,0,0,0,0,0,0,0,0,0,0,0,0,0,0,0,0,0
medium,humanoid,lawful evil,18.0,22,0.5,30,0,0,0,0,11,0,0,0,0,16,3,11,0,13,1,10,0,12,1,11,0,0,0,0,0,0,0,0,0,0,0,0,0,0,0,0,0,0,0
large,elemental,unaligned,16.0,52,3.0,10,0,0,0,0,10,60,0,60,0,17,3,5,-3,20,5,3,-4,10,0,5,-3,0,0,0,0,0,0,0,0,0,0,0,0,0,0,0,0,0,0
tiny,undead,neutral evil,13.0,40,4.0,0,0,40,0,0,12,60,0,0,0,1,-5,17,3,14,2,16,3,10,0,11,0,0,0,0,0,0,0,0,2,0,0,0,0,5,0,0,0,0,0
medium,construct,neutral,9.0,93,5.0,30,0,0,0,0,10,60,0,0,0,19,4,9,-1,18,4,6,-2,10,0,5,-3,0,0,0,0,0,0,0,0,0,0,0,0,0,0,0,0,0,0
medium,humanoid,chaotic evil,16.0,127,9.0,30,0,0,0,0,15,60,0,0,0,20,5,10,0,19,4,11,0,13,1,12,1,0,0,8,0,5,0,0,5,0,0,0,0,0,0,0,0,0,0
small,aberration,lawful good,12.0,7,0.125,5,0,30,0,0,12,60,0,0,0,6,-2,15,2,10,0,14,2,14,2,11,0,0,0,0,0,0,0,4,0,0,0,0,0,4,4,0,0,0,0
tiny,beast,unaligned,14.0,5,0.125,30,30,60,0,0,11,0,0,0,10,4,-3,18,4,11,0,2,-4,12,1,5,-3,0,0,0,0,0,0,0,0,0,0,0,0,0,0,0,0,0,0
small,construct,unaligned,17.0,17,0.25,0,0,50,0,0,7,0,0,0,60,12,1,15,2,11,0,1,-5,5,-3,1,-5,0,4,0,0,0,0,0,0,0,0,0,0,0,0,0,0,0,0
huge,giant,chaotic evil,14.0,149,8.0,30,0,0,0,0,18,120,0,0,0,23,6,10,0,20,5,9,-1,14,2,6,-2,0,0,0,0,0,0,0,8,3,0,0,0,0,0,0,0,0,0
large,fiend,chaotic evil,18.0,337,23.0,40,0,40,0,0,24,0,120,0,0,29,9,12,1,25,7,26,8,24,7,26,8,0,8,14,15,14,0,0,14,8,0,0,15,0,0,0,0,0,0
tiny,beast,unaligned,11.0,1,0.0,20,20,0,0,0,11,30,0,0,0,1,-5,13,1,8,-1,1,-5,8,-1,3,-4,0,0,0,0,0,0,0,1,3,0,0,0,0,0,0,0,0,0
huge,monstrosity,unaligned,14.0,184,10.0,30,30,0,0,0,19,60,0,0,0,23,6,13,1,20,5,2,-4,12,1,5,-3,0,0,9,0,5,0,0,9,5,0,0,0,0,0,0,0,0,0
huge,giant,neutral evil,15.0,138,8.0,40,0,0,0,0,13,0,0,0,0,23,6,9,-1,21,5,9,-1,10,0,12,1,0,0,8,0,3,4,0,3,0,0,0,0,0,0,0,9,0,0
huge,giant,chaotic evil,15.0,189,12.0,40,0,0,0,0,14,60,0,0,0,25,7,9,-1,24,7,9,-1,10,0,12,1,11,0,11,0,4,0,0,4,0,0,0,0,0,0,0,11,0,0
huge,elemental,unaligned,17.0,168,9.0,60,0,0,40,40,14,60,0,60,0,20,5,12,1,18,4,7,-2,11,0,7,-2,0,0,8,0,4,0,0,4,0,0,0,0,0,0,0,0,0,0
medium,elemental,neutral,16.0,85,6.0,15,0,0,0,0,11,60,0,60,0,20,5,14,2,20,5,11,0,12,1,11,0,0,0,0,0,0,0,0,0,0,0,0,0,0,0,0,0,0,0
medium,elemental,chaotic evil,15.0,52,2.0,30,0,60,0,0,10,60,0,0,0,15,2,11,0,16,3,6,-2,11,0,7,-2,0,0,0,0,0,0,0,0,0,0,0,0,0,0,0,0,0,0
large,plant,unaligned,5.0,1,0.5,0,0,10,0,0,5,0,0,0,30,5,-3,1,-5,3,-4,1,-5,1,-5,1,-5,0,0,0,0,0,0,0,0,0,0,0,0,0,0,0,0,0,0
medium,aberration,lawful evil,15.0,67,6.0,0,0,20,0,0,15,120,0,0,0,10,0,14,2,16,3,15,2,15,2,13,1,0,0,0,5,5,4,0,5,0,0,0,0,0,0,0,0,0,0
tiny,aberration,neutral evil,13.0,13,0.5,0,0,30,0,0,14,60,0,0,0,3,-4,17,3,14,2,3,-4,10,0,7,-2,0,0,0,0,2,0,0,4,5,0,0,0,0,0,0,0,0,0
large,ooze,unaligned,6.0,84,2.0,15,0,0,0,0,8,0,0,0,60,14,2,3,-4,20,5,1,-5,6,-2,1,-5,0,0,0,0,0,0,0,0,0,0,0,0,0,0,0,0,0,0
huge,fiend,lawful evil,19.0,300,22.0,30,0,50,0,0,20,0,120,0,0,29,9,17,3,22,6,19,4,16,3,23,6,0,10,13,0,10,13,0,10,0,0,0,13,0,0,0,0,13,0
medium,undead,chaotic evil,13.0,36,2.0,30,0,0,0,0,10,60,0,0,0,16,3,17,3,10,0,11,0,10,0,8,-1,0,0,0,0,0,0,0,0,0,0,0,0,0,0,0,0,0,0
medium,undead,any alignment,11.0,45,4.0,0,0,40,0,0,11,60,0,0,0,7,-2,13,1,10,0,10,0,12,1,17,3,0,0,0,0,0,0,0,0,0,0,0,0,0,0,0,0,0,0
medium,undead,chaotic evil,12.0,22,1.0,30,0,0,0,0,10,60,0,0,0,13,1,15,2,10,0,7,-2,10,0,6,-2,0,0,0,0,0,0,0,0,0,0,0,0,0,0,0,0,0,0
huge,beast,unaligned,12.0,157,7.0,40,0,0,40,0,14,0,0,0,0,23,6,14,2,18,4,7,-2,12,1,7,-2,0,0,0,0,0,0,0,4,0,0,0,0,0,0,0,9,0,0
medium,beast,unaligned,10.0,13,0.25,30,0,0,0,10,11,30,0,0,0,13,1,10,0,15,2,2,-4,12,1,5,-3,0,0,0,0,0,0,0,0,0,0,0,0,0,0,0,0,0,0
large,beast,unaligned,13.0,22,0.25,10,0,60,0,0,11,0,0,0,60,15,2,16,3,11,0,2,-4,12,1,6,-2,0,0,0,0,0,0,0,0,0,0,0,0,0,0,0,0,0,0
large,beast,unaligned,12.0,42,2.0,40,0,0,0,0,8,0,0,0,0,17,3,10,0,16,3,2,-4,7,-2,5,-3,0,0,0,0,0,0,0,0,0,0,0,0,0,0,0,0,0,0
small,beast,unaligned,13.0,4,0.25,30,0,0,30,0,8,0,0,0,30,5,-3,14,2,12,1,1,-5,7,-2,3,-4,0,0,0,0,0,0,0,0,0,0,0,0,0,0,0,0,0,0
huge,beast,unaligned,12.0,60,2.0,30,30,0,0,0,12,0,0,0,10,19,4,14,2,12,1,1,-5,10,0,3,-4,0,0,0,0,0,0,0,2,0,0,0,0,0,0,0,0,0,0
medium,beast,unaligned,15.0,13,0.125,30,30,0,0,0,9,0,0,0,30,13,1,15,2,11,0,1,-5,9,-1,3,-4,0,0,0,0,0,0,0,0,4,0,0,0,0,0,0,0,0,0
huge,beast,unaligned,14.0,85,5.0,30,50,0,0,0,10,0,0,0,0,21,5,9,-1,17,3,2,-4,10,0,7,-2,0,0,0,0,0,0,0,0,5,0,0,0,0,0,0,0,0,0
large,beast,neutral good,13.0,26,1.0,10,0,80,0,0,14,0,0,0,0,16,3,17,3,13,1,8,-1,14,2,10,0,0,0,0,0,0,0,0,4,0,0,0,0,0,0,0,0,0,0
huge,beast,unaligned,14.0,42,2.0,60,0,0,0,0,14,0,0,0,0,19,4,16,3,14,2,7,-2,14,2,10,0,0,0,0,0,0,0,0,4,0,0,0,0,0,0,0,0,0,0
small,beast,unaligned,13.0,4,0.0,30,0,0,0,0,8,0,0,0,30,8,-1,10,0,12,1,1,-5,7,-2,3,-4,0,0,0,0,0,0,0,0,0,0,0,0,0,0,0,0,0,0
large,elemental,chaotic evil,17.0,147,10.0,30,0,60,0,0,14,60,0,0,0,19,4,11,0,20,5,6,-2,11,0,9,-1,0,0,0,0,4,0,0,4,0,0,0,0,0,0,0,0,0,0
medium,beast,unaligned,11.0,18,0.25,30,30,0,0,0,12,30,0,0,0,12,1,13,1,11,0,2,-4,10,0,3,-4,0,0,0,0,0,0,0,2,3,0,0,0,0,0,0,0,0,0
large,beast,unaligned,11.0,19,0.5,40,0,0,0,0,11,0,0,0,0,17,3,11,0,12,1,3,-4,12,1,6,-2,0,0,0,0,0,0,0,0,0,0,0,0,0,0,0,0,0,0
large,beast,unaligned,12.0,45,1.0,50,0,0,0,0,13,0,0,0,0,16,3,14,2,14,2,2,-4,12,1,7,-2,0,0,0,0,0,0,0,3,0,0,0,0,0,0,0,0,0,0
large,beast,unaligned,12.0,19,0.25,30,0,0,30,0,10,30,0,0,0,15,2,12,1,13,1,2,-4,10,0,5,-3,0,0,0,0,0,0,0,0,0,0,0,0,0,0,0,0,0,0
large,beast,unaligned,11.0,52,1.0,10,60,0,0,0,14,60,0,0,0,17,3,13,1,13,1,4,-3,10,0,4,-3,0,0,0,0,0,0,0,4,5,0,0,0,0,0,0,0,0,0
large,beast,neutral,12.0,19,0.25,5,0,60,0,0,15,120,0,0,0,13,1,15,2,12,1,8,-1,13,1,10,0,0,0,0,0,0,0,0,5,4,0,0,0,0,0,0,0,0,0
medium,beast,unaligned,14.0,11,0.25,30,30,0,0,0,12,0,0,0,10,10,0,18,4,13,1,2,-4,10,0,3,-4,0,0,0,0,0,0,0,2,0,0,0,0,0,0,0,0,0,0
small,beast,unaligned,12.0,7,0.125,30,0,0,0,0,10,60,0,0,0,7,-2,15,2,11,0,2,-4,10,0,4,-3,0,0,0,0,0,0,0,0,0,0,0,0,0,0,0,0,0,0
large,beast,unaligned,15.0,52,3.0,40,0,0,0,0,9,0,0,0,60,15,2,13,1,15,2,1,-5,9,-1,3,-4,0,0,0,0,0,0,0,0,0,0,0,0,0,0,0,0,0,0
large,beast,unaligned,13.0,16,0.5,0,40,0,0,0,11,0,0,0,0,12,1,15,2,11,0,2,-4,12,1,5,-3,0,0,0,0,0,0,0,0,0,0,0,0,0,0,0,0,0,0
huge,beast,unaligned,13.0,126,5.0,0,50,0,0,0,13,0,0,0,60,23,6,11,0,21,5,1,-5,10,0,5,-3,0,0,0,0,0,0,0,3,0,0,0,0,0,0,0,0,0,0
large,beast,unaligned,14.0,26,1.0,30,0,0,30,0,10,60,0,0,10,14,2,16,3,12,1,2,-4,11,0,4,-3,0,0,0,0,0,0,0,0,7,0,0,0,0,0,0,0,0,0
large,monstrosity,neutral evil,14.0,22,1.0,50,0,0,0,0,11,0,0,0,0,18,4,13,1,14,2,4,-3,12,1,6,-2,0,0,0,0,0,0,0,0,0,0,0,0,0,0,0,0,0,0
large,beast,unaligned,11.0,39,1.0,20,40,0,0,0,10,30,0,0,0,15,2,13,1,13,1,2,-4,10,0,3,-4,0,0,0,0,0,0,0,0,0,0,0,0,0,0,0,0,0,0
large,beast,unaligned,11.0,19,0.5,40,0,0,0,0,11,0,0,0,0,17,3,11,0,12,1,3,-4,12,1,6,-2,0,0,0,0,0,0,0,0,0,0,0,0,0,0,0,0,0,0
large,beast,neutral evil,10.0,22,1.0,10,0,60,0,0,13,0,0,0,0,15,2,10,0,15,2,6,-2,12,1,7,-2,0,0,0,0,0,0,0,3,0,0,0,0,0,0,0,0,0,0
medium,beast,unaligned,12.0,13,0.5,10,0,50,0,0,10,0,0,0,0,10,0,14,2,10,0,1,-5,10,0,3,-4,0,0,0,0,0,0,0,0,0,0,0,0,0,0,0,0,0,0
medium,beast,unaligned,13.0,9,0.125,40,0,0,0,0,13,60,0,0,0,11,0,16,3,10,0,4,-3,12,1,5,-3,0,0,0,0,0,0,0,3,5,0,0,0,0,0,0,0,0,0
medium,beast,unaligned,13.0,11,0.25,40,0,0,40,0,13,60,0,0,10,12,1,16,3,13,1,3,-4,12,1,4,-3,0,0,0,0,0,0,0,3,7,0,0,0,0,0,0,0,0,0
medium,aberration,neutral,9.0,67,2.0,10,10,0,0,0,10,60,0,0,0,10,0,8,-1,16,3,3,-4,10,0,6,-2,0,0,0,0,0,0,0,0,0,0,0,0,0,0,0,0,0,0
medium,humanoid,lawful neutral,16.0,60,3.0,30,0,0,0,0,11,0,0,0,0,18,4,14,2,17,3,11,0,12,1,12,1,0,0,0,0,0,0,0,0,0,0,0,0,0,0,0,0,0,0
large,monstrosity,unaligned,13.0,59,4.0,40,0,0,40,0,13,60,0,0,0,18,4,16,3,16,3,5,-3,12,1,7,-2,0,0,0,0,0,0,0,3,5,0,0,0,0,0,0,0,0,0
medium,humanoid,lawful evil,17.0,123,10.0,30,0,0,0,0,16,0,0,0,0,17,3,15,2,14,2,16,3,15,2,16,3,0,0,6,7,6,0,0,6,6,0,6,0,0,0,0,0,0,0
medium,humanoid,lawful evil,18.0,180,12.0,30,0,0,0,0,16,0,0,0,0,18,4,16,3,17,3,16,3,15,2,17,3,0,0,7,7,6,0,0,6,0,0,0,0,0,0,0,0,7,0
medium,humanoid,lawful evil,18.0,91,8.0,30,0,0,0,0,12,0,0,0,0,16,3,14,2,15,2,14,2,14,2,15,2,0,0,5,5,5,0,0,0,0,0,0,0,0,0,0,0,0,0
medium,humanoid,lawful evil,18.0,187,14.0,30,0,0,0,0,18,0,0,0,0,19,4,17,3,18,4,16,3,16,3,18,4,0,0,9,8,8,0,0,8,0,0,8,0,0,0,0,0,9,0
medium,humanoid,lawful evil,17.0,49,3.0,30,0,0,0,0,11,0,0,0,0,15,2,14,2,12,1,13,1,13,1,10,0,0,0,3,3,3,0,0,0,0,0,0,0,0,0,0,0,0,0
medium,humanoid,lawful neutral,20.0,144,16.0,30,0,40,0,0,20,0,0,0,0,16,3,21,5,18,4,18,4,20,5,14,2,8,10,0,9,10,0,0,10,0,0,10,0,9,0,0,0,0,0
medium,humanoid,lawful neutral,18.0,112,10.0,30,0,0,0,0,18,0,0,0,0,14,2,19,4,16,3,17,3,19,4,13,1,6,8,0,7,8,0,0,8,0,0,8,0,7,0,0,0,0,0
medium,humanoid,lawful neutral,14.0,38,2.0,30,0,0,0,0,14,0,0,0,0,12,1,15,2,12,1,13,1,14,2,10,0,3,4,0,3,4,0,0,4,0,0,4,0,0,0,0,0,0,0
medium,humanoid,lawful neutral,17.0,84,6.0,30,0,0,0,0,16,0,0,0,0,13,1,18,4,15,2,16,3,17,3,12,1,4,7,0,6,6,0,0,0,0,0,0,0,0,0,0,0,0,0
large,fiend,chaotic evil,17.0,157,9.0,40,0,0,0,0,13,0,120,0,0,20,5,15,2,21,5,19,4,17,3,16,3,9,0,9,0,7,7,0,0,0,0,0,0,0,0,0,0,0,0
medium,humanoid,any alignment,16.0,112,5.0,30,0,0,0,0,11,0,0,0,0,18,4,15,2,16,3,10,0,12,1,15,2,7,5,6,0,0,0,0,0,0,0,0,0,0,0,0,10,5,0
medium,humanoid,neutral,14.0,104,9.0,30,0,0,0,0,11,60,0,0,0,11,0,18,4,14,2,15,2,12,1,18,4,0,8,6,0,0,0,0,0,0,0,0,0,0,0,0,0,0,0
medium,humanoid,chaotic evil,15.0,22,0.5,30,0,0,0,0,10,60,0,0,0,14,2,12,1,11,0,6,-2,10,0,7,-2,0,0,0,0,0,0,0,0,0,0,0,0,0,0,0,0,0,0
medium,fiend,chaotic evil,14.0,65,4.0,30,0,0,0,0,10,60,0,0,0,17,3,15,2,15,2,10,0,11,0,13,1,0,0,4,0,2,3,0,0,0,0,0,0,0,0,0,0,0,0
medium,humanoid,chaotic evil,14.0,22,1.0,30,0,0,0,0,10,60,0,0,0,12,1,14,2,12,1,8,-1,10,0,8,-1,0,4,0,0,0,0,0,0,0,0,0,0,0,0,0,0,0,0
medium,humanoid,chaotic evil,13.0,22,0.5,30,0,0,0,0,13,60,0,0,0,14,2,14,2,12,1,8,-1,12,1,8,-1,0,0,0,0,0,0,0,3,4,0,0,0,0,0,0,0,0,0
medium,humanoid,chaotic evil,15.0,49,2.0,30,0,0,0,0,10,60,0,0,0,16,3,14,2,13,1,8,-1,11,0,9,-1,0,0,0,0,0,0,0,0,0,0,0,0,0,0,0,0,0,0
medium,undead,chaotic evil,12.0,11,0.25,30,0,0,0,0,7,60,0,0,0,14,2,8,-1,12,1,5,-3,5,-3,5,-3,0,0,0,0,0,0,0,0,0,0,0,0,0,0,0,0,0,0
medium,beast,unaligned,10.0,4,0.0,40,0,0,0,0,10,0,0,0,0,12,1,10,0,11,0,2,-4,10,0,5,-3,0,0,0,0,0,0,0,0,0,0,0,0,0,0,0,0,0,0
small,humanoid,neutral evil,15.0,7,0.25,30,0,0,0,0,9,60,0,0,0,8,-1,14,2,10,0,10,0,8,-1,8,-1,0,0,0,0,0,0,0,0,6,0,0,0,0,0,0,0,0,0
small,humanoid,neutral evil,17.0,21,1.0,30,0,0,0,0,9,60,0,0,0,10,0,14,2,10,0,10,0,8,-1,10,0,0,0,0,0,0,0,0,0,6,0,0,0,0,0,0,0,0,0
medium,dragon,lawful good,17.0,60,3.0,30,30,60,0,0,14,60,0,0,10,19,4,14,2,17,3,14,2,11,0,16,3,0,4,5,0,2,5,0,4,4,0,0,0,0,0,0,0,0,0
large,monstrosity,unaligned,19.0,114,5.0,40,0,0,0,0,14,60,0,0,0,20,5,11,0,18,4,2,-4,12,1,7,-2,0,0,0,0,0,0,0,4,0,0,0,0,0,0,0,0,0,0
huge,fiend,chaotic evil,19.0,310,17.0,40,0,0,0,0,17,120,0,0,0,25,7,11,0,25,7,6,-2,13,1,14,2,13,6,13,0,7,0,0,7,0,0,0,0,0,0,0,0,0,0
medium,ooze,unaligned,8.0,22,0.5,10,0,0,10,0,8,0,0,0,60,12,1,6,-2,16,3,1,-5,6,-2,2,-4,0,0,0,0,0,0,0,0,2,0,0,0,0,0,0,0,0,0
large,monstrosity,chaotic neutral,19.0,189,12.0,30,0,0,0,0,12,60,0,0,0,19,4,13,1,20,5,3,-4,6,-2,8,-1,8,0,9,0,0,0,0,2,0,0,0,0,0,0,0,0,0,0
medium,aberration,chaotic neutral,18.0,127,9.0,30,0,0,0,0,17,60,0,0,60,17,3,17,3,16,3,13,1,8,-1,14,2,0,0,0,0,0,0,0,7,0,0,0,0,5,0,0,0,0,0
large,fiend,chaotic evil,20.0,346,24.0,40,0,0,0,0,22,0,120,0,0,22,6,15,2,21,5,23,6,21,5,26,8,0,9,12,0,12,0,0,12,0,15,12,15,0,0,0,0,0,0
medium,fiend,lawful evil,18.0,187,15.0,30,0,40,0,0,16,120,0,0,0,12,1,17,3,16,3,17,3,12,1,19,4,0,0,0,8,0,9,0,6,0,9,6,9,0,0,0,0,0,0
medium,dragon,lawful evil,17.0,38,2.0,30,30,60,0,0,14,60,0,0,10,15,2,12,1,13,1,14,2,11,0,13,1,0,3,3,0,2,3,0,4,3,0,0,0,0,0,0,0,0,0
medium,fey,neutral evil,17.0,82,3.0,30,0,0,0,0,14,60,0,0,0,18,4,12,1,16,3,13,1,14,2,14,2,0,0,0,0,0,0,0,4,3,0,0,4,3,0,0,0,0,0
large,aberration,chaotic neutral,16.0,127,8.0,30,0,0,0,0,12,60,0,0,30,18,4,15,2,16,3,11,0,8,-1,12,1,0,0,0,0,0,0,0,2,0,0,0,0,3,0,0,0,0,0
medium,aberration,neutral evil,12.0,55,3.0,10,0,30,0,0,14,0,0,0,60,15,2,14,2,13,1,12,1,11,0,9,-1,0,0,0,0,0,0,0,4,6,0,0,0,0,0,0,0,0,0
medium,monstrosity,neutral,14.0,27,2.0,30,0,0,30,0,12,60,0,0,0,14,2,14,2,11,0,3,-4,14,2,5,-3,0,0,0,0,0,0,0,0,0,0,0,0,0,0,0,0,0,0
large,monstrosity,neutral,18.0,75,7.0,30,0,0,30,0,12,60,0,0,0,18,4,16,3,15,2,4,-3,14,2,9,-1,0,0,0,0,0,0,0,0,0,0,0,0,0,0,0,0,0,0
large,monstrosity,unaligned,12.0,59,2.0,30,0,80,0,0,15,60,0,0,0,18,4,15,2,16,3,2,-4,13,1,8,-1,0,0,0,0,0,0,0,5,0,0,0,0,0,0,0,0,0,0
medium,humanoid,neutral evil,11.0,11,0.25,30,0,0,0,0,13,0,0,0,30,16,3,12,1,12,1,9,-1,8,-1,6,-2,0,0,0,0,0,0,0,3,3,0,0,0,0,0,0,5,0,0
small,humanoid,lawful evil,12.0,11,0.25,25,0,0,25,0,12,0,0,0,0,7,-2,14,2,15,2,10,0,11,0,10,0,0,4,0,0,0,0,0,2,4,0,0,0,0,0,0,2,0,0
small,humanoid,lawful evil,13.0,49,2.0,25,0,0,25,0,12,0,0,0,0,7,-2,16,3,15,2,10,0,11,0,12,1,0,5,0,0,0,0,0,2,5,0,0,0,0,0,0,2,0,0
small,humanoid,lawful evil,13.0,27,1.0,25,0,0,25,0,14,0,0,0,0,7,-2,16,3,15,2,10,0,15,2,11,0,0,5,0,0,0,0,0,4,5,0,0,0,0,0,0,2,0,0
medium,humanoid,any alignment,16.0,11,0.125,30,0,0,0,0,12,0,0,0,0,13,1,12,1,12,1,10,0,11,0,10,0,0,0,0,0,0,0,0,2,0,0,0,0,0,0,0,0,0,0
medium,dragon,unaligned,14.0,52,2.0,30,0,0,0,0,12,60,0,0,0,16,3,11,0,16,3,4,-3,10,0,7,-2,0,0,0,0,0,0,0,2,0,0,0,0,0,0,0,0,0,0
large,monstrosity,lawful good,18.0,127,10.0,40,0,0,0,0,14,60,0,0,0,19,4,18,4,16,3,16,3,19,4,18,4,0,8,7,7,8,8,0,0,0,0,0,0,0,0,0,0,0,0
large,monstrosity,lawful neutral,17.0,136,11.0,40,0,60,0,0,18,0,120,0,0,18,4,15,2,16,3,18,4,18,4,18,4,0,0,0,0,0,0,12,8,0,0,0,0,12,8,0,0,0,1
medium,humanoid,chaotic evil,14.0,246,23.0,30,0,0,0,0,21,120,0,0,0,10,0,18,4,18,4,24,7,18,4,18,4,0,0,0,14,11,0,21,11,0,0,0,0,21,0,0,0,0,0
large,giant,any chaotic alignment,12.0,30,1.0,30,0,0,0,0,9,60,0,0,0,17,3,10,0,14,2,7,-2,9,-1,10,0,0,0,0,0,0,0,0,0,0,0,0,0,0,0,0,0,0,0
medium,humanoid,any alignment,18.0,65,5.0,30,0,0,0,0,12,60,0,0,10,16,3,13,1,14,2,10,0,11,0,10,0,0,0,0,0,0,0,0,2,0,0,0,0,0,0,0,5,0,0
medium,monstrosity,chaotic evil,11.0,38,1.0,20,0,40,0,0,10,0,0,0,0,12,1,13,1,12,1,7,-2,10,0,13,1,0,0,0,0,0,0,0,0,0,0,0,0,0,0,0,0,0,0
tiny,beast,unaligned,13.0,1,0.0,10,0,60,0,0,14,0,0,0,0,5,-3,16,3,8,-1,2,-4,14,2,6,-2,0,0,0,0,0,0,0,4,0,0,0,0,0,0,0,0,0,0
medium,fiend,lawful evil,15.0,45,3.0,50,0,0,0,0,15,60,0,0,0,17,3,12,1,14,2,6,-2,13,1,6,-2,0,0,0,0,0,0,0,5,0,0,0,0,0,0,0,0,0,0
huge,construct,lawful evil,18.0,216,16.0,40,0,0,0,0,10,120,0,0,0,20,5,16,3,24,7,2,-4,10,0,1,-5,0,8,0,0,5,0,0,0,0,0,0,0,0,0,0,0,0,0
large,fiend,lawful evil,19.0,52,5.0,10,0,60,0,0,10,60,0,0,0,18,4,15,2,12,1,10,0,10,0,7,-2,0,5,0,0,3,0,0,0,0,0,0,0,0,0,0,0,0,0
medium,construct,neutral,20.0,60,4.0,30,0,30,0,0,14,0,0,0,60,18,4,13,1,16,3,10,0,10,0,10,0,0,0,0,0,0,0,0,4,0,0,0,0,0,0,0,0,0,0
large,fiend,chaotic evil,16.0,136,8.0,30,0,0,0,0,11,120,0,0,0,19,4,17,3,20,5,5,-3,12,1,13,1,7,0,8,0,4,0,0,0,0,0,0,0,0,0,0,0,0,0
huge,giant,chaotic evil,13.0,105,5.0,40,0,0,0,0,12,0,0,0,0,21,5,8,-1,19,4,5,-3,9,-1,6,-2,0,0,0,0,0,0,0,2,0,0,0,0,0,0,0,0,0,0
large,monstrosity,unaligned,11.0,19,1.0,40,0,60,0,0,15,0,0,0,0,17,3,13,1,13,1,2,-4,12,1,8,-1,0,0,0,0,0,0,0,5,0,0,0,0,0,0,0,0,0,0
medium,humanoid,lawful evil,18.0,11,0.5,30,0,0,0,0,10,60,0,0,0,13,1,12,1,12,1,10,0,10,0,9,-1,0,0,0,0,0,0,0,0,0,0,0,0,0,0,0,0,0,0
medium,humanoid,lawful evil,17.0,39,3.0,30,0,0,0,0,10,60,0,0,0,15,2,14,2,14,2,12,1,10,0,13,1,0,0,0,0,0,0,0,0,0,0,0,0,0,0,0,0,0,0
medium,humanoid,lawful evil,13.0,45,4.0,30,0,0,0,0,11,60,0,0,0,13,1,12,1,14,2,16,3,13,1,11,0,0,0,0,0,0,0,0,0,0,0,0,0,5,0,0,0,0,0
medium,humanoid,lawful evil,15.0,32,2.0,40,0,0,0,0,12,60,0,0,0,14,2,16,3,15,2,14,2,15,2,11,0,0,0,0,0,0,0,0,0,5,0,0,0,0,0,5,4,0,0
medium,humanoid,lawful evil,20.0,97,6.0,30,0,0,0,0,10,60,0,0,0,16,3,14,2,16,3,14,2,11,0,15,2,0,0,0,5,3,5,0,0,0,0,0,0,0,0,0,0,0,0
tiny,construct,neutral,13.0,5,0.0,20,0,40,0,0,10,60,0,0,0,4,-3,15,2,11,0,10,0,10,0,7,-2,0,0,0,0,0,0,0,0,0,0,0,0,0,0,0,0,0,0
large,monstrosity,neutral,15.0,75,3.0,30,0,0,30,0,13,120,0,0,60,18,4,10,0,15,2,6,-2,12,1,7,-2,0,0,0,0,0,0,0,3,0,0,0,0,0,0,0,0,0,0
large,fiend,lawful evil,18.0,178,11.0,20,0,60,0,0,13,120,0,0,0,22,6,17,3,21,5,12,1,16,3,17,3,10,7,0,0,7,7,0,0,0,0,0,0,0,0,0,0,0,0
large,fiend,chaotic evil,16.0,90,8.0,40,0,0,0,0,15,60,0,0,0,17,3,16,3,15,2,5,-3,20,5,6,-2,0,0,0,0,0,0,0,8,0,0,0,0,0,0,0,0,0,0
huge,beast,unaligned,17.0,76,5.0,20,30,0,0,0,10,0,0,0,30,19,4,8,-1,16,3,3,-4,11,0,3,-4,0,0,0,0,0,0,0,0,2,0,0,0,0,0,0,0,0,0
large,beast,unaligned,12.0,45,2.0,0,40,0,0,0,12,0,0,0,30,18,4,13,1,15,2,1,-5,10,0,4,-3,0,0,0,0,0,0,0,2,0,0,0,0,0,0,0,0,0,0
large,fiend,lawful evil,19.0,200,21.0,30,0,60,0,0,21,0,120,0,0,27,8,15,2,25,7,23,6,19,4,25,7,0,9,14,0,11,0,0,11,0,0,0,0,0,0,0,0,14,0
huge,monstrosity,unaligned,15.0,172,8.0,30,30,0,0,0,16,60,0,0,0,20,5,12,1,20,5,2,-4,10,0,7,-2,0,0,0,0,0,0,0,6,0,0,0,0,0,0,0,0,0,0
medium,fiend,neutral evil,15.0,135,9.0,20,40,0,0,0,14,60,0,0,60,12,1,21,5,16,3,19,4,10,0,14,2,0,0,0,0,0,0,0,4,0,0,4,0,0,0,0,0,0,0
medium,beast,unaligned,11.0,5,0.0,50,0,0,0,0,13,0,0,0,0,11,0,13,1,12,1,2,-4,12,1,5,-3,0,0,0,0,0,0,0,3,0,0,0,0,0,0,0,0,0,0
large,fiend,lawful evil,18.0,180,14.0,40,0,0,0,0,12,120,0,0,60,21,5,14,2,18,4,18,4,15,2,18,4,0,7,9,0,7,9,0,0,0,0,0,0,0,0,0,0,0,0
small,elemental,neutral evil,11.0,21,0.5,30,0,30,0,0,12,60,0,0,0,7,-2,13,1,10,0,9,-1,11,0,12,1,0,0,0,0,0,0,0,2,3,0,0,0,0,0,0,0,0,0
medium,monstrosity,neutral,12.0,32,1.0,30,30,0,0,0,12,60,0,0,0,13,1,10,0,14,2,8,-1,10,0,6,-2,0,0,0,0,0,0,0,2,0,0,0,0,0,0,0,0,0,0
medium,humanoid,any alignment,12.0,38,3.0,30,0,0,0,0,10,0,0,0,0,9,-1,14,2,13,1,16,3,11,0,12,1,0,0,0,5,2,0,5,0,0,0,0,0,5,0,0,0,0,0
huge,elemental,neutral evil,17.0,325,19.0,50,0,50,0,0,13,0,0,0,120,19,4,24,7,22,6,15,2,16,3,23,6,0,14,13,0,0,13,0,0,0,0,0,0,0,0,0,0,0,0
tiny,fiend,lawful evil,13.0,10,1.0,20,0,40,0,0,11,120,0,0,0,6,-2,17,3,13,1,11,0,12,1,14,2,0,0,0,0,0,0,0,0,5,4,3,4,0,0,0,0,0,0
tiny,aberration,lawful evil,12.0,21,2.0,40,0,0,0,0,12,0,0,0,60,6,-2,14,2,13,1,12,1,11,0,10,0,0,0,0,0,0,0,0,2,4,0,0,0,0,0,0,0,0,0
medium,elemental,neutral,14.0,104,6.0,50,0,50,0,0,18,60,0,0,0,16,3,19,4,14,2,10,0,15,2,11,0,0,0,0,0,0,0,0,8,10,0,0,0,0,0,0,0,0,0
medium,construct,unaligned,13.0,45,4.0,30,0,0,0,0,10,60,0,0,0,12,1,16,3,14,2,3,-4,10,0,1,-5,0,0,0,0,0,0,0,0,7,0,0,0,0,0,0,0,0,0
medium,humanoid,lawful evil,16.0,45,2.0,30,0,0,0,0,14,0,0,0,0,17,3,11,0,16,3,12,1,15,2,16,3,0,0,0,0,4,0,0,4,0,0,0,0,0,0,0,0,5,0
large,construct,unaligned,20.0,210,16.0,30,0,0,0,0,10,120,0,0,0,24,7,9,-1,20,5,3,-4,11,0,1,-5,0,0,0,0,0,0,0,0,0,0,0,0,0,0,0,0,0,0
small,beast,unaligned,12.0,3,0.0,40,0,0,0,0,13,0,0,0,0,8,-1,15,2,11,0,3,-4,12,1,6,-2,0,0,0,0,0,0,0,3,0,0,0,0,0,0,0,0,0,0
medium,humanoid,chaotic evil,12.0,18,0.5,40,0,0,0,0,12,0,0,0,0,11,0,15,2,11,0,13,1,11,0,10,0,0,0,0,0,0,0,0,2,4,0,0,4,0,0,0,0,0,0
large,beast,unaligned,14.0,16,0.5,30,0,0,20,0,11,0,0,0,30,15,2,14,2,11,0,2,-4,8,-1,3,-4,0,0,0,0,0,0,0,1,4,0,0,0,0,0,0,4,0,0
medium,humanoid,chaotic neutral,24.0,123,15.0,30,0,0,0,0,18,120,0,0,0,12,1,22,6,14,2,20,5,16,3,19,4,0,11,0,0,8,0,0,8,16,0,0,14,0,0,11,6,0,0
huge,fiend,chaotic evil,18.0,350,23.0,30,0,0,0,0,22,0,120,0,0,24,7,10,0,23,6,20,5,20,5,16,3,0,7,13,0,12,0,0,12,0,0,0,0,0,0,0,0,0,0
large,monstrosity,unaligned,13.0,67,4.0,30,0,0,0,0,14,0,0,0,0,16,3,16,3,14,2,3,-4,14,2,10,0,0,0,0,0,0,0,0,4,7,0,0,0,0,0,0,0,0,0
medium,humanoid,chaotic neutral,13.0,13,0.25,30,0,0,0,0,12,0,0,0,0,10,0,16,3,10,0,11,0,10,0,10,0,0,0,0,0,0,0,0,2,5,0,0,4,0,0,0,0,0,0
huge,celestial,lawful good,20.0,152,12.0,60,0,120,0,0,19,120,0,0,30,21,5,16,3,16,3,19,4,20,5,20,5,0,0,0,0,0,0,0,9,0,0,9,0,0,8,0,0,0,1
huge,beast,unaligned,12.0,90,3.0,0,60,0,0,0,13,0,0,0,120,19,4,10,0,13,1,3,-4,12,1,7,-2,0,0,0,0,0,0,0,3,0,0,0,0,0,0,0,0,0,0
medium,humanoid,any alignment,18.0,52,3.0,30,0,0,0,0,10,0,0,0,0,16,3,11,0,14,2,11,0,11,0,15,2,0,0,4,0,2,0,0,0,0,0,0,0,0,0,0,0,0,0
small,humanoid,lawful evil,12.0,5,0.125,30,0,0,0,0,8,60,0,0,0,7,-2,15,2,9,-1,8,-1,7,-2,8,-1,0,0,0,0,0,0,0,0,0,0,0,0,0,0,0,0,0,0
small,humanoid,lawful evil,15.0,44,1.0,20,0,0,0,0,11,60,0,0,0,12,1,15,2,14,2,8,-1,9,-1,10,0,0,0,0,0,0,0,0,1,0,0,0,0,0,0,0,0,0,0
small,humanoid,lawful evil,12.0,13,0.25,30,0,0,0,0,10,60,0,0,0,7,-2,15,2,12,1,8,-1,7,-2,8,-1,0,0,0,0,0,0,0,0,0,0,0,0,0,0,0,0,0,0
small,humanoid,lawful evil,15.0,27,1.0,30,0,0,0,0,9,60,0,0,0,7,-2,15,2,14,2,10,0,9,-1,14,2,0,0,0,0,0,0,0,0,0,0,0,0,2,0,0,0,0,0
small,fey,chaotic neutral,17.0,102,7.0,30,0,0,0,30,15,120,0,120,0,23,6,14,2,20,5,10,0,15,2,9,-1,0,0,0,0,0,0,0,5,5,0,0,0,0,0,0,9,0,0
gargantuan,monstrosity,chaotic evil,18.0,472,23.0,20,60,0,0,0,14,0,120,0,0,30,1,11,0,25,7,22,6,18,4,20,5,17,7,14,13,11,0,0,0,0,0,0,0,0,0,0,0,0,1
medium,humanoid,any evil alignment,10.0,75,5.0,30,30,0,0,0,15,0,0,0,0,12,1,10,0,16,3,10,0,15,2,14,2,0,0,0,0,0,0,0,5,0,0,0,0,0,0,0,0,0,0
large,monstrosity,unaligned,20.0,102,5.0,40,0,0,40,20,12,60,0,60,0,19,4,16,3,17,3,10,0,14,2,10,0,0,0,0,0,0,0,0,0,0,0,0,0,0,0,0,0,0,0
medium,humanoid,neutral evil,13.0,18,0.25,30,30,0,0,0,14,120,0,0,0,13,1,10,0,11,0,11,0,10,0,8,-1,0,0,0,0,0,0,0,4,0,0,0,0,0,0,0,0,0,0
medium,humanoid,neutral evil,13.0,97,6.0,30,30,0,0,0,19,120,0,0,0,16,3,14,2,16,3,13,1,16,3,14,2,0,0,0,0,0,0,0,9,0,0,0,0,0,6,0,0,0,0
medium,humanoid,neutral evil,11.0,65,1.0,30,30,0,0,0,16,120,0,0,0,14,2,10,0,14,2,12,1,14,2,11,0,0,0,0,0,0,0,0,6,0,0,0,0,0,4,0,0,0,0
medium,humanoid,chaotic good,18.0,228,17.0,30,0,0,0,0,21,0,60,0,0,13,1,17,3,20,5,20,5,20,5,19,4,0,0,0,11,11,0,17,11,0,10,11,0,17,0,0,0,0,0
large,monstrosity,chaotic evil,13.0,97,4.0,30,0,0,0,0,12,60,0,0,0,16,3,13,1,15,2,14,2,15,2,16,3,0,0,0,0,0,0,0,0,3,0,4,7,0,0,0,0,0,0
medium,fiend,lawful evil,7.0,13,0.0,15,0,0,0,0,10,120,0,0,0,10,0,5,-3,11,0,1,-5,11,0,3,-4,0,0,0,0,0,0,0,0,0,0,0,0,0,0,0,0,0,0
large,monstrosity,chaotic evil,14.0,67,3.0,50,0,0,0,0,13,60,0,0,0,18,4,14,2,15,2,9,-1,12,1,6,-2,0,0,0,0,0,0,0,3,0,0,0,2,0,0,0,0,0,0
gargantuan,elemental,neutral,17.0,328,20.0,40,120,0,0,0,14,60,0,0,0,30,1,24,7,30,1,2,-4,18,4,17,3,0,0,0,0,10,9,0,0,0,0,0,0,0,0,0,0,0,0
medium,undead,any evil alignment,17.0,135,21.0,30,0,0,0,0,19,0,120,0,0,11,0,16,3,16,3,20,5,14,2,16,3,0,0,10,12,9,0,12,9,0,0,9,0,19,0,0,0,0,1
large,beast,unaligned,12.0,26,1.0,50,0,0,0,0,13,0,0,0,0,17,3,15,2,13,1,3,-4,12,1,8,-1,0,0,0,0,0,0,0,3,6,0,0,0,0,0,0,0,0,0
tiny,beast,unaligned,10.0,2,0.0,20,0,0,20,0,9,30,0,0,0,2,-4,11,0,10,0,1,-5,8,-1,3,-4,0,0,0,0,0,0,0,0,0,0,0,0,0,0,0,0,0,0
medium,humanoid,chaotic evil,15.0,78,4.0,30,30,0,0,0,14,60,0,0,0,17,3,12,1,15,2,11,0,11,0,15,2,0,0,4,0,2,0,0,4,5,0,0,0,0,0,0,0,0,0
medium,humanoid,neutral,15.0,22,0.5,30,30,0,0,0,13,0,0,0,0,15,2,10,0,13,1,7,-2,12,1,7,-2,0,0,0,0,0,0,0,3,4,0,0,0,0,0,0,0,0,0
medium,humanoid,neutral,13.0,27,2.0,30,30,0,0,0,14,0,0,0,0,15,2,10,0,13,1,10,0,15,2,8,-1,0,0,0,0,0,0,0,4,4,0,0,0,0,0,0,0,0,0
medium,humanoid,any alignment,12.0,40,6.0,30,0,0,0,0,11,0,0,0,0,9,-1,14,2,11,0,17,3,12,1,11,0,0,0,0,6,4,0,6,0,0,0,0,0,6,0,0,0,0,0
small,elemental,neutral evil,11.0,22,0.5,30,0,30,0,0,10,60,0,0,0,8,-1,12,1,12,1,7,-2,10,0,10,0,0,0,0,0,0,0,0,0,3,0,0,0,0,0,0,0,0,0
small,elemental,chaotic neutral,14.0,9,0.5,30,0,0,0,0,10,60,0,0,0,7,-2,15,2,12,1,8,-1,11,0,10,0,0,0,0,0,0,0,0,0,0,0,0,0,0,0,0,0,0,0
medium,monstrosity,unaligned,12.0,13,0.25,30,0,0,30,0,14,120,0,0,0,15,2,12,1,14,2,2,-4,10,0,3,-4,0,0,0,0,0,0,0,4,5,0,0,0,0,0,0,0,0,0
huge,beast,unaligned,13.0,126,6.0,40,0,0,0,0,10,0,0,0,0,24,7,9,-1,21,5,3,-4,11,0,6,-2,0,0,0,0,0,0,0,0,0,0,0,0,0,0,0,0,0,0
small,fiend,chaotic evil,9.0,9,0.125,20,0,0,0,0,9,60,0,0,0,10,0,9,-1,13,1,3,-4,8,-1,4,-3,0,0,0,0,0,0,0,0,0,0,0,0,0,0,0,0,0,0
medium,humanoid,lawful evil,19.0,126,13.0,30,0,0,0,0,12,60,0,0,0,10,0,14,2,12,1,23,6,15,2,16,3,2,4,3,13,9,5,11,0,0,0,0,0,11,0,0,0,0,0
large,monstrosity,lawful evil,14.0,68,3.0,30,0,50,0,0,11,60,0,0,0,17,3,16,3,17,3,7,-2,12,1,8,-1,0,0,0,0,0,0,0,0,0,0,0,0,0,0,0,0,0,0
large,plant,unaligned,12.0,45,1.0,5,0,0,0,0,10,0,0,30,0,15,2,14,2,12,1,1,-5,10,0,2,-4,0,0,0,0,0,0,0,0,0,0,0,0,0,0,0,0,0,0
large,elemental,chaotic neutral,17.0,229,11.0,30,90,60,0,0,13,120,0,0,30,22,6,12,1,26,8,18,4,17,3,18,4,0,5,0,0,7,8,0,0,0,0,0,0,0,0,0,0,0,0
large,fiend,chaotic evil,18.0,189,16.0,40,0,0,0,0,13,0,120,0,0,18,4,20,5,20,5,18,4,16,3,20,5,9,0,10,0,8,10,0,0,0,0,0,0,0,0,0,0,0,0
medium,humanoid,any alignment,16.0,60,3.0,40,0,0,0,0,13,0,0,0,0,11,0,17,3,13,1,11,0,16,3,10,0,0,0,0,0,0,0,0,0,5,0,5,0,0,0,5,0,0,0
large,construct,lawful neutral,22.0,432,25.0,40,0,30,0,0,20,60,0,0,0,28,9,12,1,26,8,19,4,15,2,18,4,0,0,0,12,10,12,0,10,0,0,10,0,0,0,0,0,12,0
medium,humanoid,neutral evil,12.0,45,4.0,30,0,0,0,0,12,0,0,0,0,10,0,14,2,17,3,19,4,14,2,13,1,0,0,0,0,4,0,0,0,0,0,0,0,6,6,0,0,0,0
medium,humanoid,any alignment,16.0,84,5.0,30,0,0,0,0,13,0,0,0,0,11,0,18,4,14,2,11,0,11,0,12,1,0,7,0,3,0,0,0,3,7,0,0,0,0,0,7,3,0,0
medium,beast,unaligned,12.0,5,0.125,40,0,0,0,0,13,0,0,0,0,13,1,14,2,12,1,3,-4,12,1,7,-2,0,0,0,0,0,0,0,3,0,0,0,0,0,0,0,0,0,0
medium,fiend,chaotic evil,15.0,88,7.0,30,0,0,0,0,11,120,0,0,0,14,2,17,3,12,1,11,0,12,1,15,2,0,0,0,0,0,0,0,0,0,0,0,5,0,0,0,0,0,0
medium,fiend,chaotic evil,13.0,33,1.0,30,0,0,0,0,9,60,0,0,0,14,2,8,-1,13,1,5,-3,8,-1,5,-3,0,0,0,0,0,0,0,0,0,0,0,0,0,0,0,0,0,0
medium,humanoid,neutral evil,13.0,35,1.0,30,0,0,0,0,13,120,0,0,0,8,-1,17,3,9,-1,14,2,13,1,10,0,0,0,0,0,0,0,0,3,5,0,0,0,0,0,0,0,0,0
medium,monstrosity,lawful evil,15.0,127,6.0,30,0,0,0,0,14,60,0,0,0,10,0,15,2,16,3,12,1,13,1,15,2,0,0,0,0,0,0,0,4,5,0,4,5,0,0,0,0,0,0
small,fey,neutral evil,15.0,31,2.0,30,0,0,0,0,14,120,0,0,0,7,-2,15,2,12,1,11,0,10,0,8,-1,0,0,0,0,0,0,0,4,6,0,0,0,0,0,0,0,0,0
medium,humanoid,neutral,11.0,11,0.125,10,40,0,0,0,12,0,0,0,0,10,0,13,1,12,1,11,0,11,0,12,1,0,0,0,0,0,0,0,2,0,0,0,0,0,0,0,0,0,0
medium,fiend,lawful evil,16.0,45,4.0,30,0,0,0,0,11,60,0,0,0,18,4,14,2,17,3,6,-2,12,1,8,-1,0,0,0,0,0,0,0,0,0,0,0,0,0,0,0,0,0,0
medium,fiend,neutral evil,13.0,40,3.0,30,40,0,0,0,14,60,0,0,60,8,-1,17,3,10,0,17,3,14,2,11,0,0,5,0,5,0,0,5,4,0,0,0,0,0,0,0,0,0,0
large,monstrosity,chaotic evil,13.0,45,2.0,10,40,0,0,0,10,60,0,0,0,18,4,10,0,15,2,8,-1,10,0,9,-1,0,0,0,0,0,0,0,0,0,0,0,0,0,0,0,0,0,0
medium,fiend,neutral evil,18.0,75,5.0,40,0,0,0,0,13,60,0,0,60,18,4,11,0,16,3,7,-2,10,0,11,0,0,0,0,0,0,0,0,3,0,0,0,0,0,0,0,0,0,0
medium,monstrosity,neutral,12.0,58,2.0,15,0,0,0,0,11,60,0,0,0,17,3,12,1,15,2,5,-3,13,1,8,-1,0,0,0,0,0,0,0,0,5,0,0,0,0,0,0,0,0,0
medium,aberration,lawful evil,15.0,71,7.0,30,0,0,0,0,16,120,0,0,0,11,0,12,1,12,1,19,4,17,3,17,3,0,0,0,7,6,6,0,6,4,6,6,6,7,0,0,0,0,0
large,aberration,lawful evil,15.0,75,5.0,0,0,20,0,0,18,120,0,0,0,10,0,14,2,14,2,15,2,15,2,10,0,0,0,0,5,5,0,0,8,0,0,0,0,0,0,0,0,0,0
large,monstrosity,chaotic evil,14.0,76,3.0,40,0,0,0,0,17,60,0,0,0,18,4,11,0,16,3,6,-2,16,3,9,-1,0,0,0,0,0,0,0,7,0,0,0,0,0,0,0,0,0,0
large,undead,lawful evil,12.0,67,2.0,40,0,0,0,0,9,60,0,0,0,18,4,11,0,15,2,6,-2,8,-1,5,-3,0,0,0,0,0,0,0,0,0,0,0,0,0,0,0,0,0,0
large,fiend,lawful evil,19.0,253,21.0,30,0,0,0,0,21,120,0,0,0,26,8,19,4,22,6,21,5,18,4,23,6,0,11,13,0,11,13,0,11,0,0,0,13,0,0,0,0,13,1
huge,fiend,chaotic evil,19.0,216,21.0,40,0,0,0,0,31,0,120,0,0,28,9,22,6,25,7,21,5,24,7,24,7,16,0,14,0,14,14,0,21,0,0,0,0,0,0,0,0,0,0
medium,construct,lawful neutral,15.0,5,0.125,30,0,30,0,0,10,0,120,0,0,10,0,13,1,12,1,4,-3,10,0,5,-3,0,0,0,0,0,0,0,0,0,0,0,0,0,0,0,0,0,0
medium,aberration,chaotic evil,17.0,130,11.0,25,50,0,0,0,20,120,0,0,30,14,2,14,2,14,2,20,5,15,2,13,1,0,6,0,9,6,0,9,10,6,0,0,0,9,0,0,0,0,0
huge,giant,chaotic evil,14.0,105,6.0,50,0,0,0,0,11,0,0,0,0,21,5,10,0,18,4,5,-3,7,-2,5,-3,0,0,0,0,0,0,0,1,0,0,0,0,0,0,0,0,0,0
small,elemental,neutral evil,11.0,27,0.25,20,20,20,0,0,10,60,0,0,0,8,-1,12,1,12,1,9,-1,11,0,7,-2,0,0,0,0,0,0,0,0,3,0,0,0,0,0,0,0,0,0
medium,beast,unaligned,10.0,11,0.125,40,0,0,0,0,10,0,0,0,0,14,2,10,0,13,1,2,-4,10,0,5,-3,0,0,0,0,0,0,0,0,0,0,0,0,0,0,0,0,0,0
medium,undead,neutral,8.0,19,0.25,20,0,0,0,0,8,60,0,0,0,13,1,6,-2,14,2,8,-1,6,-2,8,-1,0,0,0,0,0,0,0,0,0,0,0,0,0,0,0,0,0,0
medium,undead,lawful evil,11.0,58,3.0,20,0,0,0,0,10,60,0,0,0,16,3,8,-1,15,2,6,-2,10,0,12,1,0,0,0,0,2,0,0,0,0,0,0,0,0,0,0,0,0,0
medium,undead,lawful evil,17.0,97,15.0,20,0,0,0,0,14,60,0,0,0,18,4,10,0,17,3,11,0,18,4,16,3,0,0,8,5,9,8,5,0,0,0,0,0,0,5,0,0,0,1
medium,plant,lawful neutral,12.0,22,0.5,20,0,0,0,0,11,120,0,0,0,10,0,10,0,12,1,10,0,13,1,7,-2,0,0,0,0,0,0,0,0,0,0,0,0,0,0,0,0,0,0
large,plant,lawful neutral,13.0,60,2.0,30,0,0,0,0,12,120,0,0,0,12,1,10,0,14,2,13,1,15,2,10,0,0,0,0,0,0,0,0,0,0,0,0,0,0,0,0,0,0,0
small,plant,lawful neutral,10.0,7,0.0,10,0,0,0,0,10,120,0,0,0,8,-1,10,0,10,0,8,-1,11,0,5,-3,0,0,0,0,0,0,0,0,0,0,0,0,0,0,0,0,0,0
medium,fiend,chaotic evil,18.0,190,15.0,40,0,60,0,0,17,60,0,0,0,22,6,14,2,21,5,14,2,15,2,17,3,11,7,0,0,0,0,0,7,0,0,0,0,0,0,0,0,0,0
medium,humanoid,neutral evil,19.0,187,17.0,30,0,0,0,0,20,0,120,0,0,9,-1,15,2,12,1,23,6,18,4,21,5,0,0,0,12,10,11,12,10,0,0,10,11,12,0,0,0,0,0
large,fiend,chaotic evil,18.0,184,13.0,20,0,30,0,0,11,0,120,0,0,21,5,10,0,22,6,19,4,12,1,15,2,0,0,11,9,6,7,0,0,0,0,0,0,0,0,0,0,0,0
medium,fiend,lawful evil,20.0,112,13.0,30,0,0,0,0,17,120,0,0,0,20,5,10,0,17,3,16,3,14,2,19,4,0,5,8,0,0,9,0,7,0,0,0,0,0,0,0,0,0,0
medium,humanoid,any alignment,12.0,66,9.0,30,0,0,0,0,11,0,0,0,0,9,-1,14,2,12,1,17,3,12,1,11,0,0,0,0,7,5,0,7,0,0,0,0,0,7,0,0,0,0,0
medium,humanoid,neutral evil,11.0,13,0.5,30,0,0,0,0,10,0,0,0,0,10,0,13,1,15,2,16,3,11,0,10,0,0,0,0,0,0,0,0,0,0,0,0,0,5,5,0,0,0,0
medium,plant,neutral evil,12.0,11,0.25,30,0,0,0,0,9,0,0,0,60,12,1,12,1,13,1,4,-3,8,-1,3,-4,0,0,0,0,0,0,0,0,0,0,0,0,0,0,0,0,0,0
small,aberration,lawful evil,15.0,33,3.0,30,0,0,30,0,13,60,0,0,0,6,-2,16,3,14,2,13,1,12,1,15,2,0,0,0,0,0,0,0,3,0,0,0,0,0,0,0,0,4,0
tiny,aberration,lawful evil,11.0,7,0.125,20,0,0,20,0,10,60,0,0,0,3,-4,13,1,10,0,6,-2,10,0,9,-1,0,0,0,0,0,0,0,0,0,0,0,0,0,0,0,0,0,0
medium,aberration,lawful evil,15.0,71,4.0,30,0,0,30,0,13,120,0,0,0,6,-2,16,3,14,2,16,3,12,1,18,4,0,0,0,0,3,0,0,3,0,6,0,6,5,0,0,0,6,0
gargantuan,aberration,chaotic evil,16.0,325,13.0,30,0,0,0,0,13,0,0,0,120,27,8,7,-2,21,5,3,-4,16,3,12,1,0,0,0,1,8,6,0,0,0,0,0,0,0,0,0,0,0,0
medium,humanoid,chaotic evil,12.0,11,0.25,40,0,0,0,0,10,60,0,0,0,11,0,15,2,12,1,10,0,11,0,14,2,0,0,0,0,0,0,0,0,6,0,0,0,0,0,0,0,4,0
medium,fiend,neutral evil,17.0,112,5.0,30,0,0,0,0,16,120,0,0,0,18,4,15,2,16,3,16,3,14,2,16,3,0,0,0,0,0,0,0,6,6,0,6,7,0,0,0,0,0,0
large,fiend,neutral evil,13.0,68,3.0,60,0,90,0,0,11,0,0,0,0,18,4,15,2,16,3,10,0,13,1,15,2,0,0,0,0,0,0,0,0,0,0,0,0,0,0,0,0,0,0
huge,undead,chaotic evil,14.0,297,20.0,40,0,40,0,0,9,120,0,0,0,22,6,19,4,24,7,6,-2,9,-1,8,-1,0,0,13,0,0,0,0,0,0,0,0,0,0,0,0,0,0,0
small,humanoid,chaotic evil,13.0,7,1.0,30,0,0,0,0,9,60,0,0,0,8,-1,14,2,10,0,10,0,8,-1,15,2,0,0,0,0,0,0,0,0,6,0,0,0,0,0,0,0,0,0
medium,humanoid,any alignment,15.0,9,0.125,30,0,0,0,0,12,0,0,0,0,11,0,12,1,11,0,12,1,14,2,16,3,0,0,0,0,0,0,0,0,0,5,4,5,0,0,0,0,0,0
medium,aberration,neutral evil,15.0,45,2.0,30,0,0,0,0,12,0,120,0,0,14,2,16,3,16,3,13,1,10,0,8,-1,0,0,0,0,0,0,0,2,5,0,4,0,3,0,0,0,0,0
medium,fiend,lawful evil,13.0,11,0.5,20,0,0,0,0,11,0,0,0,10,16,3,11,0,13,1,3,-4,8,-1,1,-5,0,0,0,0,0,0,0,1,0,0,0,0,0,0,0,0,0,0
large,fiend,neutral evil,18.0,123,9.0,40,0,60,0,0,14,60,0,0,60,20,5,11,0,19,4,12,1,10,0,15,2,0,0,0,0,0,0,0,4,4,0,0,0,0,0,0,0,6,0
tiny,ooze,lawful evil,13.0,18,0.25,20,0,0,0,0,12,0,0,0,60,8,-1,16,3,15,2,14,2,11,0,10,0,0,0,0,4,0,2,0,0,0,0,0,0,0,0,0,0,0,0
large,ooze,unaligned,8.0,45,2.0,10,0,0,10,0,8,0,0,0,60,15,2,6,-2,14,2,2,-4,6,-2,1,-5,0,0,0,0,0,0,0,0,0,0,0,0,0,0,0,0,0,0
small,beast,unaligned,12.0,3,0.0,5,30,0,0,0,12,30,0,0,0,4,-3,15,2,11,0,3,-4,10,0,4,-3,0,0,0,0,0,0,0,2,4,0,0,0,0,0,0,0,0,0
large,giant,chaotic evil,11.0,59,2.0,40,0,0,0,0,8,60,0,0,0,19,4,8,-1,16,3,5,-3,7,-2,7,-2,0,0,0,0,0,0,0,0,0,0,0,0,0,0,0,0,0,0
large,giant,chaotic evil,14.0,59,4.0,40,0,0,0,0,8,60,0,0,0,19,4,8,-1,16,3,5,-3,7,-2,7,-2,0,0,0,0,0,0,0,0,0,0,0,0,0,0,0,0,0,0
large,giant,chaotic evil,13.0,59,2.0,40,0,0,0,0,8,60,0,0,0,19,4,12,1,16,3,5,-3,7,-2,7,-2,0,0,0,0,0,0,0,0,0,0,0,0,0,0,0,0,0,0
large,giant,chaotic evil,11.0,59,3.0,40,0,0,0,0,8,60,0,0,0,19,4,8,-1,16,3,5,-3,7,-2,7,-2,0,0,0,0,0,0,0,0,0,0,0,0,0,0,0,0,0,0
large,giant,chaotic evil,13.0,59,2.0,40,0,0,0,0,8,60,0,0,0,19,4,8,-1,16,3,5,-3,7,-2,7,-2,0,0,0,0,0,0,0,0,0,0,0,0,0,0,0,0,0,0
large,undead,neutral evil,8.0,85,2.0,30,0,0,0,0,8,60,0,0,0,19,4,6,-2,18,4,3,-4,6,-2,5,-3,0,0,0,0,0,0,0,0,0,0,0,0,0,0,0,0,0,0
gargantuan,elemental,neutral evil,20.0,526,20.0,50,0,0,0,50,12,0,0,120,120,26,8,11,0,28,9,11,0,15,2,22,6,14,0,15,0,8,0,0,0,0,0,0,0,0,0,0,0,0,0
medium,fiend,neutral evil,17.0,126,12.0,40,0,0,0,0,17,60,0,0,60,19,4,17,3,18,4,17,3,16,3,19,4,0,0,8,0,7,0,0,7,0,0,0,8,0,0,0,0,8,0
huge,elemental,neutral evil,18.0,324,18.0,50,100,0,0,0,14,0,0,0,120,21,5,22,6,24,7,17,3,18,4,23,6,11,0,13,0,10,0,0,0,0,0,0,0,0,0,0,0,0,0
large,giant,lawful evil,16.0,110,7.0,30,0,30,0,0,14,60,0,0,0,19,4,11,0,16,3,14,2,12,1,15,2,0,3,6,0,4,5,0,4,0,0,0,8,5,0,0,0,0,0
medium,humanoid,chaotic evil,13.0,15,0.5,30,0,0,0,0,10,60,0,0,0,16,3,12,1,16,3,7,-2,11,0,10,0,0,0,0,0,0,0,0,0,0,0,0,0,0,0,0,0,2,0
medium,humanoid,chaotic evil,18.0,60,4.0,30,0,0,0,0,13,60,0,0,0,17,3,11,0,17,3,10,0,12,1,14,2,0,0,0,0,3,0,0,3,0,0,3,0,0,0,0,0,4,0
medium,humanoid,chaotic evil,14.0,45,2.0,30,0,0,0,0,12,60,0,0,0,14,2,15,2,16,3,10,0,15,2,11,0,0,0,0,0,0,0,0,0,0,0,0,0,0,0,0,0,2,0
medium,humanoid,chaotic evil,16.0,45,2.0,30,0,0,0,0,11,60,0,0,0,16,3,12,1,16,3,9,-1,13,1,12,1,0,0,0,0,0,0,0,0,0,0,0,0,0,1,0,0,3,0
medium,humanoid,chaotic evil,12.0,30,2.0,30,0,0,0,0,12,60,0,0,0,12,1,11,0,16,3,11,0,14,2,9,-1,0,0,0,0,0,0,0,0,0,0,0,0,2,2,0,0,1,0
medium,humanoid,chaotic evil,15.0,52,3.0,30,0,0,0,0,12,60,0,0,0,11,0,16,3,15,2,9,-1,11,0,9,-1,0,0,0,0,0,0,0,2,5,0,0,0,0,0,0,0,1,0
medium,humanoid,chaotic evil,16.0,93,4.0,30,0,0,0,0,10,60,0,0,0,18,4,12,1,18,4,11,0,11,0,16,3,6,0,6,0,2,0,0,0,0,0,0,0,0,0,0,0,5,0
huge,fiend,chaotic evil,17.0,405,26.0,40,0,40,0,0,22,0,120,0,0,27,8,14,2,25,7,20,5,20,5,25,7,0,10,15,0,13,0,0,12,0,0,0,0,12,0,0,0,0,1
medium,humanoid,chaotic evil,18.0,42,2.0,30,0,0,0,0,10,60,0,0,0,18,4,12,1,18,4,12,1,11,0,12,1,0,0,0,0,0,0,0,0,0,0,0,0,0,0,0,0,5,0
large,fiend,lawful evil,17.0,105,10.0,30,0,0,30,0,20,120,30,0,0,22,6,16,3,21,5,15,2,15,2,16,3,0,7,9,0,6,0,0,10,11,0,0,0,0,0,0,0,0,0
large,aberration,neutral,14.0,114,5.0,30,0,0,0,0,11,120,0,0,0,16,3,11,0,19,4,6,-2,13,1,6,-2,0,0,7,0,0,0,0,0,0,0,0,0,0,0,0,0,0,0
tiny,beast,unaligned,11.0,1,0.0,5,0,60,0,0,13,120,0,0,0,3,-4,13,1,8,-1,2,-4,12,1,7,-2,0,0,0,0,0,0,0,3,3,0,0,0,0,0,0,0,0,0
large,monstrosity,unaligned,13.0,59,3.0,40,0,0,0,0,13,60,0,0,0,20,5,12,1,17,3,3,-4,12,1,7,-2,0,0,0,0,0,0,0,3,0,0,0,0,0,0,0,0,0,0
medium,beast,unaligned,12.0,13,0.25,50,0,0,40,0,14,0,0,0,0,14,2,15,2,10,0,3,-4,14,2,7,-2,0,0,0,0,0,0,0,4,6,0,0,0,0,0,0,0,0,0
large,celestial,chaotic good,12.0,59,2.0,60,0,90,0,0,16,0,0,0,0,18,4,15,2,16,3,10,0,15,2,13,1,0,4,0,0,4,3,0,6,0,0,0,0,0,0,0,0,0,0
large,construct,lawful neutral,16.0,32,2.0,40,0,0,0,0,14,0,120,0,0,15,2,14,2,12,1,10,0,10,0,13,1,0,0,0,0,0,0,0,4,0,0,0,0,0,0,0,0,0,0
medium,monstrosity,chaotic evil,13.0,33,2.0,20,0,60,0,0,15,0,0,0,0,16,3,12,1,13,1,9,-1,12,1,10,0,0,0,0,0,0,0,0,5,0,0,0,0,0,0,0,0,0,0
large,monstrosity,unaligned,13.0,32,3.0,30,0,0,30,0,10,60,0,0,0,15,2,15,2,12,1,6,-2,10,0,6,-2,0,0,0,0,0,0,0,0,6,0,0,0,0,0,0,0,0,0
gargantuan,elemental,neutral,18.0,175,16.0,20,0,120,0,0,15,60,0,0,0,19,4,26,8,25,7,2,-4,21,5,18,4,0,0,0,0,10,9,0,0,0,0,0,0,0,0,0,0,0,0
medium,monstrosity,unaligned,15.0,22,0.5,5,0,0,5,0,8,60,0,0,30,10,0,13,1,16,3,1,-5,7,-2,3,-4,0,0,0,0,0,0,0,0,5,0,0,0,0,0,0,0,0,0
large,fiend,lawful evil,19.0,300,20.0,30,0,60,0,0,14,0,120,0,0,26,8,14,2,24,7,22,6,18,4,24,7,0,8,13,0,10,0,0,0,0,0,0,0,0,0,0,0,0,0
tiny,fey,neutral good,15.0,1,0.25,10,0,30,0,0,14,0,0,0,0,2,-4,20,5,8,-1,10,0,14,2,15,2,0,0,0,0,0,0,0,4,7,0,0,0,0,0,0,0,0,0
large,celestial,lawful good,19.0,200,16.0,40,0,120,0,0,21,0,120,0,0,24,7,20,5,24,7,19,4,22,6,25,7,0,0,12,0,11,12,0,11,0,0,0,0,0,0,0,0,0,0
large,beast,unaligned,13.0,68,2.0,20,40,0,0,0,13,0,0,0,0,18,4,15,2,16,3,2,-4,12,1,5,-3,0,0,0,0,0,0,0,3,4,0,0,0,0,0,0,0,0,0
tiny,beast,unaligned,13.0,2,0.125,30,30,0,0,0,10,0,0,0,10,2,-4,16,3,11,0,1,-5,10,0,3,-4,0,0,0,0,0,0,0,0,0,0,0,0,0,0,0,0,0,0
large,beast,unaligned,12.0,42,2.0,40,30,0,0,0,13,0,0,0,0,20,5,10,0,16,3,2,-4,13,1,7,-2,0,0,0,0,0,0,0,3,0,0,0,0,0,0,0,0,0,0
medium,beast,unaligned,10.0,11,0.125,40,0,0,0,0,10,0,0,0,0,15,2,10,0,13,1,2,-4,11,0,7,-2,0,0,0,0,0,0,0,0,0,0,0,0,0,0,0,0,0,0
medium,humanoid,any alignment,13.0,27,2.0,30,0,0,0,0,13,0,0,0,0,10,0,10,0,12,1,13,1,16,3,13,1,0,0,0,0,0,0,0,0,0,3,0,0,0,5,0,0,0,0
tiny,dragon,neutral good,13.0,7,0.25,15,0,60,0,0,13,60,0,0,10,6,-2,15,2,13,1,10,0,12,1,10,0,0,0,0,0,0,0,0,3,4,0,0,0,0,0,0,0,0,0
large,monstrosity,neutral evil,12.0,26,1.0,30,0,50,0,0,12,0,0,0,0,15,2,13,1,12,1,9,-1,10,0,11,0,0,0,0,0,0,0,0,2,0,0,0,0,0,0,0,0,0,0
medium,beast,unaligned,13.0,13,0.25,10,0,60,0,0,11,0,0,0,0,12,1,15,2,10,0,2,-4,9,-1,5,-3,0,0,0,0,0,0,0,1,0,0,0,0,0,0,0,0,0,0
gargantuan,monstrosity,unaligned,18.0,247,15.0,50,0,0,0,30,9,0,0,60,30,28,9,7,-2,22,6,1,-5,8,-1,4,-3,0,0,11,0,4,0,0,0,0,0,0,0,0,0,0,0,0,0
large,monstrosity,unaligned,12.0,42,2.0,20,0,0,0,0,8,0,0,30,30,16,3,7,-2,16,3,1,-5,6,-2,2,-4,0,0,0,0,0,0,0,0,0,0,0,0,0,0,0,0,0,0
medium,construct,lawful neutral,16.0,22,1.0,30,0,30,0,0,12,0,120,0,0,12,1,14,2,12,1,10,0,10,0,11,0,0,0,0,0,0,0,0,2,0,0,0,0,0,0,0,0,0,0
medium,humanoid,chaotic neutral,13.0,45,2.0,30,0,0,30,0,10,120,0,0,0,17,3,12,1,16,3,6,-2,12,1,7,-2,0,0,0,0,0,0,0,0,0,0,0,0,0,0,0,5,0,0
medium,plant,unaligned,13.0,45,1.0,20,0,0,20,0,8,0,0,0,30,17,3,12,1,16,3,2,-4,6,-2,1,-5,0,0,0,0,0,0,0,0,0,0,0,0,0,0,0,0,0,0
tiny,fiend,chaotic evil,13.0,7,1.0,40,0,0,0,0,10,120,0,0,0,5,-3,17,3,10,0,7,-2,10,0,10,0,0,0,0,0,0,0,0,0,5,0,0,0,0,0,0,0,0,0
huge,beast,unaligned,13.0,30,2.0,10,0,80,0,0,12,0,0,0,0,15,2,13,1,13,1,2,-4,10,0,5,-3,0,0,0,0,0,0,0,2,0,0,0,0,0,0,0,0,0,0
tiny,fey,chaotic evil,16.0,10,1.0,120,0,0,0,0,15,60,0,0,0,4,-3,23,6,13,1,10,0,12,1,7,-2,0,0,0,0,0,0,0,5,8,0,0,0,0,0,8,0,0,0
tiny,beast,unaligned,13.0,1,0.0,0,40,0,0,0,8,60,0,0,0,2,-4,16,3,9,-1,1,-5,7,-2,2,-4,0,0,0,0,0,0,0,0,0,0,0,0,0,0,0,0,0,0
medium,fiend,lawful evil,16.0,110,13.0,40,0,0,0,0,13,60,0,0,0,14,2,17,3,18,4,13,1,16,3,20,5,0,0,0,0,0,0,0,0,0,0,8,10,0,0,0,0,0,0
tiny,beast,unaligned,10.0,1,0.0,20,0,0,0,0,10,30,0,0,0,2,-4,11,0,9,-1,2,-4,10,0,4,-3,0,0,0,0,0,0,0,0,0,0,0,0,0,0,0,0,0,0
tiny,beast,unaligned,12.0,1,0.0,10,0,50,0,0,13,0,0,0,0,2,-4,14,2,8,-1,2,-4,12,1,6,-2,0,0,0,0,0,0,0,3,0,0,0,0,0,0,0,0,0,0
medium,humanoid,chaotic evil,15.0,27,2.0,40,0,0,0,0,13,60,0,0,0,11,0,20,5,13,1,15,2,12,1,16,3,0,0,0,0,0,0,0,3,9,5,0,0,0,0,0,0,5,0
medium,fiend,lawful evil,22.0,255,19.0,30,0,50,0,0,18,120,0,0,0,23,6,16,3,19,4,14,2,15,2,19,4,12,0,10,0,8,0,0,8,0,0,0,0,0,0,0,0,10,0
medium,dragon,chaotic evil,17.0,75,4.0,30,0,60,30,0,14,60,0,0,10,19,4,10,0,17,3,12,1,11,0,15,2,0,2,5,0,2,4,0,4,2,0,0,0,0,0,0,0,0,0
large,aberration,chaotic neutral,14.0,93,5.0,30,0,0,0,0,11,60,0,0,0,16,3,12,1,16,3,6,-2,6,-2,7,-2,0,0,0,0,0,0,0,1,0,0,0,0,0,0,0,0,0,0
small,fey,chaotic evil,13.0,45,3.0,25,0,0,0,0,13,60,0,0,0,18,4,13,1,18,4,10,0,12,1,9,-1,0,0,0,0,0,0,0,3,0,0,0,0,0,0,0,6,0,0
large,beast,unaligned,12.0,16,0.5,0,40,0,0,0,11,60,0,0,0,13,1,12,1,12,1,1,-5,12,1,4,-3,0,0,0,0,0,0,0,0,0,0,0,0,0,0,0,0,0,0
medium,beast,unaligned,12.0,22,0.5,0,40,0,0,0,12,0,0,0,30,14,2,13,1,13,1,1,-5,10,0,4,-3,0,0,0,0,0,0,0,2,0,0,0,0,0,0,0,0,0,0
huge,monstrosity,unaligned,17.0,195,11.0,30,0,0,0,20,10,60,0,60,0,24,7,13,1,21,5,4,-3,10,0,5,-3,0,0,0,0,0,0,0,0,0,0,0,0,0,0,0,0,0,0
large,construct,lawful evil,19.0,210,14.0,40,0,0,40,0,15,60,0,0,30,22,6,16,3,20,5,3,-4,11,0,4,-3,0,8,10,0,5,0,0,5,8,0,0,0,0,0,0,0,0,0
medium,undead,neutral,13.0,136,5.0,30,0,0,0,0,13,60,0,0,0,18,4,14,2,18,4,13,1,16,3,18,4,7,0,7,0,6,7,0,0,0,0,0,0,0,0,0,0,0,0
large,beast,unaligned,11.0,45,2.0,40,0,0,0,0,11,0,0,0,0,21,5,8,-1,15,2,2,-4,12,1,6,-2,0,0,0,0,0,0,0,0,0,0,0,0,0,0,0,0,0,0
large,beast,unaligned,10.0,13,0.25,60,0,0,0,0,10,0,0,0,0,16,3,10,0,12,1,2,-4,11,0,7,-2,0,0,0,0,0,0,0,0,0,0,0,0,0,0,0,0,0,0
gargantuan,monstrosity,unaligned,15.0,248,11.0,20,0,120,0,0,14,0,0,0,0,28,9,10,0,20,5,3,-4,10,0,9,-1,0,4,9,0,4,3,0,4,0,0,0,0,0,0,0,0,0,0
large,monstrosity,neutral evil,20.0,93,5.0,10,0,0,10,0,16,60,0,0,0,18,4,8,-1,17,3,7,-2,16,3,6,-2,0,0,0,0,0,0,0,6,5,0,0,0,0,0,0,0,0,0
large,giant,chaotic evil,16.0,138,9.0,30,0,0,0,0,13,60,0,0,0,18,4,13,1,22,6,5,-3,8,-1,4,-3,0,0,0,0,0,0,0,3,0,0,0,0,0,0,0,0,0,0
large,construct,unaligned,12.0,33,2.0,10,0,0,0,0,6,0,0,0,60,17,3,14,2,10,0,1,-5,3,-4,1,-5,0,0,0,0,0,0,0,0,0,0,0,0,0,0,0,0,0,0
medium,monstrosity,unaligned,14.0,27,0.5,40,0,0,0,0,11,60,0,0,0,13,1,12,1,13,1,2,-4,13,1,6,-2,0,0,0,0,0,0,0,0,0,0,0,0,0,0,0,0,0,0
medium,fiend,chaotic evil,12.0,37,2.0,20,0,0,0,0,11,120,0,0,0,14,2,15,2,17,3,5,-3,12,1,6,-2,0,0,0,0,0,0,0,0,0,0,0,0,0,0,0,0,0,0
large,beast,unaligned,12.0,52,2.0,40,0,0,0,0,13,0,0,0,0,18,4,14,2,15,2,3,-4,12,1,8,-1,0,0,0,0,0,0,0,3,6,0,0,0,0,0,0,0,0,0
medium,humanoid,lawful evil,12.0,22,0.5,30,40,0,0,0,15,120,0,0,0,13,1,11,0,12,1,12,1,13,1,9,-1,0,0,0,0,0,0,0,5,0,0,0,0,0,0,0,0,0,0
large,humanoid,lawful evil,16.0,76,5.0,30,50,0,0,0,17,120,0,0,0,19,4,15,2,16,3,14,2,13,1,17,3,0,5,6,5,4,0,0,7,0,0,0,0,0,0,0,0,0,0
medium,humanoid,lawful evil,12.0,33,2.0,30,40,0,0,0,16,120,0,0,0,13,1,11,0,12,1,12,1,14,2,13,1,0,0,0,0,0,0,0,6,0,0,0,0,0,3,0,0,0,0
large,elemental,neutral evil,15.0,90,5.0,30,0,0,0,0,10,60,0,0,0,18,4,14,2,15,2,11,0,10,0,12,1,0,0,0,0,0,0,0,0,0,0,0,0,0,0,0,0,0,0
medium,fey,chaotic neutral,14.0,31,0.5,40,0,0,0,0,12,0,0,0,0,12,1,16,3,11,0,12,1,10,0,14,2,0,0,0,0,0,0,0,2,5,0,0,0,0,0,0,0,0,0
medium,construct,chaotic evil,11.0,36,1.0,30,0,0,0,0,10,60,0,0,0,11,0,13,1,11,0,10,0,10,0,13,1,0,0,0,0,0,0,0,0,0,0,0,0,0,0,0,0,0,0
tiny,beast,unaligned,11.0,1,0.0,10,0,0,0,0,9,0,0,0,10,2,-4,11,0,8,-1,1,-5,8,-1,2,-4,0,0,0,0,0,0,0,0,0,0,0,0,0,0,0,0,0,0
medium,humanoid,any alignment,13.0,16,0.5,30,0,0,0,0,15,0,0,0,0,11,0,14,2,12,1,11,0,13,1,11,0,0,0,0,0,0,0,0,5,6,0,0,0,0,0,0,0,0,0
medium,fey,chaotic evil,14.0,52,2.0,30,40,0,0,0,11,60,0,0,0,16,3,13,1,16,3,12,1,12,1,13,1,0,0,0,0,0,0,0,0,0,0,0,0,0,0,0,0,0,0
tiny,beast,unaligned,11.0,1,0.0,0,20,0,0,0,10,0,0,0,0,1,-5,12,1,8,-1,1,-5,10,0,2,-4,0,0,0,0,0,0,0,0,0,0,0,0,0,0,0,0,0,0
medium,humanoid,neutral evil,11.0,32,1.0,20,30,0,0,0,10,120,0,0,0,15,2,8,-1,15,2,6,-2,10,0,8,-1,0,0,0,0,0,0,0,0,0,0,0,0,0,0,0,0,0,0
medium,undead,chaotic evil,12.0,16,0.5,40,0,0,0,0,10,60,0,0,0,6,-2,14,2,13,1,6,-2,10,0,8,-1,0,0,0,0,0,0,0,0,4,0,0,0,0,0,0,0,0,0
medium,humanoid,neutral,15.0,71,7.0,30,0,0,0,0,11,60,0,0,0,12,1,16,3,13,1,11,0,12,1,12,1,0,6,0,0,0,4,0,0,6,0,0,0,0,0,0,0,0,0
medium,fiend,chaotic evil,13.0,66,4.0,30,0,30,0,0,11,120,0,0,0,1,-5,17,3,12,1,14,2,13,1,14,2,0,5,0,0,0,4,0,0,7,0,0,0,0,0,0,0,0,0
medium,monstrosity,neutral evil,12.0,33,2.0,40,0,0,0,0,13,60,0,0,0,16,3,14,2,13,1,5,-3,12,1,5,-3,0,0,0,0,0,0,0,3,6,0,0,0,0,0,0,0,0,0
large,plant,unaligned,15.0,136,5.0,20,20,0,0,0,10,0,0,0,60,18,4,8,-1,16,3,5,-3,10,0,5,-3,0,0,0,0,0,0,0,0,2,0,0,0,0,0,0,0,0,0
large,construct,unaligned,17.0,142,7.0,30,0,0,0,0,10,60,0,0,10,18,4,8,-1,18,4,7,-2,10,0,3,-4,0,0,0,0,0,0,0,0,0,0,0,0,0,0,0,0,0,0
large,fiend,chaotic evil,14.0,110,8.0,40,0,0,0,0,12,60,0,0,0,18,4,13,1,17,3,7,-2,14,2,9,-1,0,4,6,0,5,0,0,0,0,0,0,0,0,0,0,0,0,0
medium,plant,unaligned,5.0,13,0.0,0,0,0,0,0,6,0,0,0,30,1,-5,1,-5,10,0,1,-5,3,-4,1,-5,0,0,0,0,0,0,0,0,0,0,0,0,0,0,0,0,0,0
huge,fiend,chaotic evil,19.0,150,18.0,0,0,20,0,0,23,0,120,0,0,10,0,3,-4,23,6,25,7,24,7,25,7,0,0,0,13,0,13,13,13,0,0,0,0,13,0,0,0,0,1
medium,dragon,lawful good,17.0,45,2.0,30,0,60,0,0,14,60,0,0,10,19,4,10,0,17,3,12,1,11,0,15,2,0,2,5,0,2,4,0,4,2,0,0,0,0,0,0,0,0,0
medium,undead,lawful evil,13.0,13,0.25,30,0,0,0,0,9,60,0,0,0,10,0,14,2,15,2,6,-2,8,-1,5,-3,0,0,0,0,0,0,0,0,0,0,0,0,0,0,0,0,0,0
medium,humanoid,chaotic neutral,14.0,18,0.5,30,0,0,0,0,8,120,0,0,0,6,-2,19,4,10,0,10,0,7,-2,1,-5,0,0,2,0,0,0,0,0,8,0,0,0,0,0,0,0,0,0
medium,humanoid,neutral evil,12.0,32,1.0,30,0,0,0,0,11,0,0,0,0,10,0,14,2,15,2,16,3,13,1,10,0,0,0,0,0,3,0,0,0,0,0,0,0,5,5,0,0,0,0
medium,undead,lawful evil,18.0,105,15.0,30,0,0,0,0,22,60,0,0,0,14,2,16,3,17,3,16,3,15,2,21,5,0,0,0,0,0,0,8,12,8,0,0,0,0,0,0,7,0,0
tiny,aberration,chaotic neutral,12.0,10,0.125,30,0,0,0,0,7,60,0,0,0,7,-2,15,2,10,0,3,-4,5,-3,3,-4,0,0,0,0,0,0,0,0,4,0,0,0,0,0,0,0,0,0
medium,ooze,chaotic evil,14.0,32,3.0,30,30,0,30,0,12,0,0,0,120,16,3,19,4,15,2,10,0,14,2,11,0,0,0,0,0,0,0,0,0,8,0,0,0,0,0,0,0,0,0
small,elemental,neutral evil,12.0,22,0.25,30,0,30,0,0,12,60,0,0,0,6,-2,14,2,12,1,10,0,10,0,11,0,0,0,0,0,0,0,0,2,4,0,0,0,0,0,0,0,0,0
large,celestial,lawful good,21.0,243,21.0,50,0,150,0,0,24,0,120,0,0,26,8,22,6,26,8,25,7,25,7,30,1,0,0,0,14,14,17,0,14,0,0,0,0,0,0,0,0,0,1
medium,humanoid,neutral,15.0,123,11.0,30,0,0,0,0,17,60,0,0,0,8,-1,17,3,14,2,19,4,15,2,13,1,0,7,0,0,7,5,0,7,0,0,0,0,0,0,0,0,0,0
medium,undead,chaotic evil,10.0,76,5.0,30,0,0,0,0,8,60,0,0,0,16,3,11,0,18,4,5,-3,7,-2,3,-4,0,0,0,0,1,0,0,0,0,0,0,0,0,0,0,0,0,0
medium,aberration,lawful neutral,14.0,39,3.0,0,0,30,0,0,16,120,0,0,0,8,-1,14,2,14,2,13,1,14,2,11,0,0,0,0,0,0,0,0,6,0,0,0,0,0,0,0,0,0,0
medium,undead,chaotic evil,12.0,22,1.0,0,0,50,0,0,10,60,0,0,0,1,-5,14,2,11,0,10,0,10,0,11,0,0,0,0,0,0,0,0,0,0,0,0,0,0,0,0,0,0,0
medium,humanoid,any alignment,12.0,9,0.0,30,0,0,0,0,12,0,0,0,0,10,0,12,1,10,0,15,2,14,2,13,1,0,0,0,0,4,0,0,0,0,0,0,0,4,4,0,0,0,0
medium,humanoid,any alignment,12.0,13,0.0,30,0,0,0,0,12,0,0,0,0,10,0,12,1,10,0,15,2,14,2,13,1,0,0,0,0,4,0,0,0,0,0,0,0,4,4,0,0,0,0
medium,humanoid,any alignment,12.0,18,0.0,30,0,0,0,0,12,0,0,0,0,10,0,12,1,10,0,15,2,14,2,13,1,0,0,0,0,4,0,0,0,0,0,0,0,4,4,0,0,0,0
medium,humanoid,any alignment,12.0,22,0.0,30,0,0,0,0,13,0,0,0,0,10,0,12,1,10,0,15,2,16,3,13,1,0,0,0,0,5,0,0,0,0,0,0,0,4,4,0,0,0,0
medium,humanoid,any alignment,12.0,27,0.0,30,0,0,0,0,13,0,0,0,0,10,0,12,1,10,0,15,2,16,3,13,1,0,0,0,0,6,0,0,0,0,0,0,0,5,5,0,0,0,0
medium,humanoid,any alignment,12.0,31,0.0,30,0,0,0,0,13,0,0,0,0,10,0,12,1,10,0,15,2,16,3,13,1,0,0,0,0,6,0,0,0,0,0,0,0,5,5,0,0,0,0
medium,humanoid,any alignment,12.0,9,0.0,30,0,0,0,0,12,0,0,0,0,10,0,12,1,10,0,15,2,14,2,13,1,0,0,0,0,4,0,0,0,0,0,0,0,4,4,0,0,0,0
medium,humanoid,any alignment,12.0,13,0.0,30,0,0,0,0,12,0,0,0,0,10,0,12,1,10,0,15,2,14,2,13,1,0,0,0,0,4,0,0,0,0,0,0,0,4,4,0,0,0,0
medium,humanoid,any alignment,12.0,18,0.0,30,0,0,0,0,12,0,0,0,0,10,0,12,1,10,0,15,2,14,2,13,1,0,0,0,0,4,0,0,0,0,0,0,0,4,4,0,0,0,0
medium,humanoid,any alignment,12.0,22,0.0,30,0,0,0,0,12,0,0,0,0,10,0,12,1,10,0,17,3,14,2,13,1,0,0,0,0,4,0,0,0,0,0,0,0,5,5,0,0,0,0
medium,humanoid,any alignment,12.0,27,0.0,30,0,0,0,0,12,0,0,0,0,10,0,12,1,10,0,17,3,14,2,13,1,0,0,0,0,5,0,0,0,0,0,0,0,6,6,0,0,0,0
medium,humanoid,any alignment,12.0,31,0.0,30,0,0,0,0,12,0,0,0,0,10,0,12,1,10,0,17,3,14,2,13,1,0,0,0,0,5,0,0,0,0,0,0,0,6,6,0,0,0,0
tiny,beast,unaligned,12.0,1,0.0,20,0,0,20,0,10,30,0,0,0,2,-4,14,2,8,-1,1,-5,10,0,2,-4,0,0,0,0,0,0,0,0,4,0,0,0,0,0,0,0,0,0
small,fiend,lawful evil,13.0,22,2.0,20,0,40,0,0,12,120,0,0,0,10,0,15,2,12,1,11,0,14,2,8,-1,0,0,0,0,0,0,0,0,0,0,0,0,0,0,0,0,0,0
large,monstrosity,chaotic evil,15.0,75,8.0,40,0,0,0,0,12,60,0,0,0,18,4,17,3,14,2,16,3,15,2,16,3,0,6,5,0,5,6,0,0,0,0,0,0,0,0,0,0,0,0
large,giant,chaotic evil,17.0,97,11.0,30,0,0,0,0,13,60,0,0,0,1,-5,17,3,13,1,8,-1,9,-1,16,3,0,0,0,0,0,0,0,3,0,0,0,0,0,0,0,0,0,0
medium,fey,chaotic neutral,19.0,127,10.0,30,0,0,0,0,10,60,0,0,0,14,2,16,3,16,3,18,4,11,0,18,4,0,0,0,0,0,0,0,0,0,8,0,8,0,0,0,0,0,0
tiny,fey,neutral good,15.0,2,0.25,10,0,40,0,0,13,0,0,0,0,3,-4,18,4,10,0,14,2,13,1,11,0,0,0,0,0,0,0,0,3,8,0,0,0,0,0,0,0,0,0
medium,humanoid,any alignment,12.0,27,1.0,30,0,0,0,0,16,0,0,0,0,10,0,15,2,10,0,12,1,14,2,16,3,0,0,0,0,0,0,0,6,4,5,4,5,0,0,0,0,0,0
small,aberration,neutral evil,11.0,17,0.25,30,0,0,0,0,10,60,0,0,0,6,-2,13,1,10,0,9,-1,11,0,6,-2,0,0,0,0,0,0,0,0,0,0,0,0,0,0,0,0,0,0
large,aberration,chaotic evil,16.0,136,10.0,30,0,0,0,0,15,60,0,0,0,20,5,8,-1,21,5,7,-2,12,1,9,-1,0,3,0,0,5,0,0,5,0,0,0,0,0,0,0,0,0,0
medium,aberration,chaotic evil,16.0,168,16.0,30,0,0,0,0,16,60,0,0,0,17,3,12,1,23,6,18,4,12,1,16,3,0,6,0,0,6,8,0,6,0,0,0,0,0,0,0,0,0,0
medium,aberration,chaotic evil,14.0,71,5.0,40,0,0,40,0,11,60,0,0,0,8,-1,18,4,12,1,11,0,12,1,7,-2,0,7,4,0,0,0,0,0,7,0,0,0,0,0,0,0,0,0
medium,aberration,neutral evil,17.0,153,13.0,30,0,0,0,0,19,60,0,0,0,14,2,12,1,18,4,22,6,19,4,16,3,0,6,0,11,9,8,0,9,0,0,0,0,0,0,0,0,0,0
small,elemental,neutral evil,10.0,21,0.25,30,0,30,0,0,10,60,0,0,0,5,-3,11,0,10,0,11,0,10,0,12,1,0,0,0,0,0,0,0,0,0,0,0,0,0,0,0,0,0,0
large,construct,lawful evil,20.0,207,16.0,40,0,0,0,0,17,60,0,0,30,24,7,17,3,22,6,4,-3,14,2,6,-2,0,0,0,0,0,0,0,7,8,0,0,0,0,0,0,0,0,0
huge,beast,unaligned,13.0,76,4.0,40,0,0,0,0,10,0,0,0,0,20,5,9,-1,17,3,2,-4,11,0,5,-3,0,0,0,0,0,0,0,0,0,0,0,0,0,0,0,0,0,0
tiny,beast,unaligned,14.0,2,0.125,10,0,40,0,0,9,60,0,0,0,4,-3,16,3,11,0,2,-4,8,-1,6,-2,0,0,0,0,0,0,0,0,0,0,0,0,0,0,0,0,0,0
medium,construct,lawful evil,17.0,19,1.0,10,0,0,0,0,9,0,0,0,0,16,3,5,-3,14,2,5,-3,8,-1,7,-2,0,0,0,0,0,0,0,0,0,0,0,0,0,0,0,0,0,0
huge,giant,neutral,17.0,126,7.0,40,0,0,0,0,14,60,0,0,0,23,6,15,2,20,5,10,0,12,1,9,-1,0,5,8,0,4,0,0,4,0,0,0,0,0,0,0,12,0,0
huge,giant,chaotic neutral,18.0,161,10.0,40,0,0,0,0,13,60,0,0,0,23,6,14,2,21,5,10,0,8,-1,12,1,0,6,9,0,3,0,0,3,0,0,0,0,0,0,0,14,0,0
large,construct,unaligned,17.0,178,10.0,30,0,0,0,0,10,120,0,0,0,22,6,9,-1,20,5,3,-4,11,0,1,-5,0,0,0,0,0,0,0,0,0,0,0,0,0,0,0,0,0,0
large,construct,unaligned,15.0,157,12.0,50,0,0,0,0,10,0,0,0,120,22,6,1,-5,21,5,2,-4,11,0,3,-4,0,0,0,0,0,0,0,0,0,0,0,0,0,0,0,0,0,0
huge,giant,chaotic good,16.0,230,13.0,50,50,0,0,0,19,0,0,0,0,29,9,14,2,20,5,16,3,18,4,18,4,14,0,10,0,9,9,8,9,0,0,0,0,8,0,0,14,0,0
huge,giant,chaotic good,12.0,230,16.0,50,50,50,0,0,20,0,60,0,0,29,9,14,2,20,5,17,3,20,5,19,4,14,0,10,0,10,9,8,10,0,0,0,0,8,0,0,0,0,0
medium,undead,lawful evil,16.0,144,15.0,30,0,0,0,0,22,120,0,0,0,18,4,18,4,18,4,20,5,15,2,18,4,0,9,0,0,7,9,0,12,14,0,0,0,15,10,0,0,0,0
medium,monstrosity,chaotic evil,12.0,27,1.0,30,0,0,30,0,13,0,0,0,0,14,2,15,2,12,1,9,-1,13,1,9,-1,0,0,0,0,0,0,0,3,0,0,0,0,0,0,0,6,0,0
medium,fiend,neutral evil,15.0,66,4.0,30,0,60,0,0,15,60,0,0,0,8,-1,17,3,13,1,15,2,12,1,20,5,0,0,0,0,0,0,0,5,7,9,5,9,0,0,0,0,0,0
medium,fey,chaotic neutral,19.0,127,10.0,50,0,0,0,0,9,60,0,0,0,19,4,21,5,16,3,14,2,12,1,18,4,0,0,0,0,0,0,0,0,0,0,0,0,0,0,0,8,8,0
medium,swarm,unaligned,12.0,22,0.25,0,0,30,0,0,11,0,0,0,60,5,-3,15,2,10,0,2,-4,12,1,4,-3,0,0,0,0,0,0,0,0,0,0,0,0,0,0,0,0,0,0
medium,swarm,lawful evil,12.0,36,5.0,30,0,0,0,0,10,30,0,0,0,9,-1,14,2,10,0,15,2,11,0,14,2,0,0,0,0,0,0,0,0,0,0,0,0,0,0,0,0,0,0
medium,swarm,unaligned,12.0,22,0.5,20,0,0,20,0,8,0,0,0,10,3,-4,13,1,10,0,1,-5,7,-2,1,-5,0,0,0,0,0,0,0,0,0,0,0,0,0,0,0,0,0,0
medium,swarm,unaligned,14.0,36,2.0,30,30,0,0,0,10,0,0,0,10,8,-1,18,4,11,0,1,-5,10,0,3,-4,0,0,0,0,0,0,0,0,0,0,0,0,0,0,0,0,0,0
medium,swarm,unaligned,13.0,28,1.0,0,40,0,0,0,8,60,0,0,0,13,1,16,3,9,-1,1,-5,7,-2,2,-4,0,0,0,0,0,0,0,0,0,0,0,0,0,0,0,0,0,0
medium,swarm,unaligned,10.0,24,0.25,30,0,0,0,0,10,30,0,0,0,9,-1,11,0,9,-1,2,-4,10,0,3,-4,0,0,0,0,0,0,0,0,0,0,0,0,0,0,0,0,0,0
medium,swarm,unaligned,12.0,24,0.25,10,0,50,0,0,15,0,0,0,0,6,-2,14,2,8,-1,3,-4,12,1,6,-2,0,0,0,0,0,0,0,5,0,0,0,0,0,0,0,0,0,0
medium,swarm,unaligned,8.0,22,0.5,5,0,0,5,0,6,0,0,0,10,2,-4,7,-2,10,0,1,-5,2,-4,1,-5,0,0,0,0,0,0,0,0,0,0,0,0,0,0,0,0,0,0
medium,humanoid,any non-lawful alignment,17.0,66,3.0,30,0,0,0,0,10,0,0,0,0,12,1,18,4,12,1,14,2,11,0,15,2,0,0,0,0,0,0,0,0,0,6,0,0,0,0,8,5,0,0
medium,undead,lawful evil,18.0,127,8.0,30,0,0,0,0,0,0,0,0,0,18,4,14,2,18,4,11,0,12,1,14,2,0,0,0,0,0,0,0,4,0,0,0,0,0,0,0,0,0,0
medium,undead,lawful evil,16.0,45,3.0,30,0,0,0,0,9,60,0,0,0,18,4,12,1,17,3,6,-2,9,-1,10,0,0,0,0,0,0,0,0,0,0,0,0,0,0,0,0,0,0,0
medium,humanoid,chaotic good,14.0,40,1.0,30,0,0,20,0,14,60,0,0,0,10,0,17,3,11,0,13,1,14,2,15,2,0,0,0,0,0,0,0,4,5,0,0,0,0,0,0,2,0,0
medium,humanoid,chaotic good,12.0,22,0.25,30,0,0,20,0,13,60,0,0,0,10,0,15,2,11,0,14,2,12,1,16,3,0,0,0,0,0,0,0,3,4,5,0,0,0,0,0,0,0,0
medium,fiend,chaotic evil,14.0,95,5.0,30,0,0,0,0,12,60,0,0,0,18,4,13,1,20,5,9,-1,9,-1,9,-1,0,0,0,0,0,0,0,2,0,0,0,0,0,0,0,0,2,0
gargantuan,monstrosity,unaligned,25.0,676,30.0,40,0,0,0,0,10,0,0,0,120,30,1,11,0,30,1,3,-4,11,0,11,0,0,0,0,5,9,9,0,0,0,0,0,0,0,0,0,0,0,1
medium,monstrosity,neutral evil,18.0,255,13.0,30,0,0,0,0,16,60,0,0,0,17,3,10,0,19,4,8,-1,13,1,6,-2,0,0,0,0,0,0,0,6,0,0,0,0,0,0,0,0,0,0
medium,monstrosity,neutral evil,17.0,225,11.0,30,0,0,0,0,10,60,0,0,0,19,4,10,0,17,3,6,-2,11,0,6,-2,0,0,0,0,0,0,0,0,0,0,0,0,0,0,0,0,0,0
medium,monstrosity,neutral evil,16.0,112,9.0,30,0,0,0,0,10,60,0,0,0,16,3,12,1,17,3,6,-2,11,0,6,-2,0,0,0,0,0,0,0,0,0,0,0,0,0,0,0,0,0,0
medium,monstrosity,neutral evil,15.0,78,7.0,30,0,0,0,0,8,60,0,0,0,17,3,12,1,15,2,6,-2,7,-2,5,-3,0,0,0,0,0,0,0,0,0,0,0,0,0,0,0,6,0,0
small,monstrosity,neutral evil,15.0,10,0.25,40,0,0,0,0,8,60,0,0,0,7,-2,12,1,9,-1,5,-3,6,-2,5,-3,0,0,0,0,0,0,0,0,0,0,0,0,0,0,0,0,0,0
medium,plant,neutral,14.0,27,1.0,30,0,0,0,0,14,60,0,0,0,13,1,12,1,13,1,2,-4,10,0,6,-2,0,0,0,0,0,0,0,4,3,0,0,0,0,0,0,0,0,0
medium,humanoid,chaotic neutral,15.0,33,1.0,40,0,0,0,0,13,60,0,0,0,12,1,15,2,13,1,8,-1,12,1,7,-2,0,0,0,0,0,0,0,3,4,0,0,0,0,0,0,0,0,0
medium,humanoid,any non-good alignment,11.0,32,0.5,30,0,0,0,0,10,0,0,0,0,15,2,11,0,14,2,10,0,10,0,11,0,0,0,0,0,0,0,0,0,0,0,0,0,0,0,0,0,2,0
gargantuan,fiend,chaotic evil,25.0,615,30.0,60,0,120,0,0,36,240,120,0,0,30,1,10,0,30,1,26,8,26,8,28,9,19,9,0,0,17,0,0,26,0,0,0,0,17,17,0,0,0,0
large,beast,unaligned,12.0,37,1.0,40,0,0,0,0,13,60,0,0,0,17,3,15,2,14,2,3,-4,12,1,8,-1,0,0,0,0,0,0,0,3,6,0,0,0,0,0,0,0,0,0
medium,fiend,lawful evil,20.0,127,16.0,40,0,60,0,0,16,120,0,0,0,19,4,22,6,17,3,24,7,22,6,26,8,0,11,8,0,11,13,0,0,0,13,11,13,0,0,0,0,13,0
large,monstrosity,neutral evil,15.0,85,5.0,40,0,0,0,0,13,60,0,0,0,16,3,13,1,16,3,8,-1,12,1,8,-1,0,0,0,0,0,0,0,4,4,0,0,0,0,0,0,0,0,0
medium,humanoid,lawful good,17.0,22,0.25,30,0,0,0,0,11,0,0,0,0,15,2,10,0,12,1,11,0,13,1,12,1,0,0,0,0,0,0,0,0,0,0,0,0,0,0,0,4,0,0
medium,humanoid,lawful neutral,17.0,33,2.0,30,0,0,0,0,12,0,0,0,0,14,2,10,0,12,1,11,0,15,2,12,1,0,0,0,0,0,0,0,0,0,0,0,0,0,0,0,0,0,0
medium,humanoid,any alignment,12.0,40,5.0,30,0,0,0,0,11,0,0,0,0,9,-1,14,2,11,0,17,3,12,1,11,0,0,0,0,6,4,0,6,0,0,0,0,0,6,0,0,0,0,0
large,monstrosity,unaligned,13.0,85,3.0,10,0,0,10,0,11,60,0,0,30,17,3,10,0,17,3,2,-4,13,1,4,-3,0,0,0,0,0,0,0,0,2,0,0,0,0,0,0,0,0,0
huge,plant,chaotic good,16.0,138,9.0,30,0,0,0,0,13,0,0,0,0,23,6,8,-1,21,5,12,1,16,3,12,1,0,0,0,0,0,0,0,0,0,0,0,0,0,0,0,0,0,0
medium,plant,unaligned,10.0,11,0.5,5,0,0,0,0,10,0,0,0,30,1,-5,10,0,12,1,1,-5,10,0,1,-5,0,0,0,0,0,0,0,0,0,0,0,0,0,0,0,0,0,0
medium,humanoid,any alignment,12.0,11,0.125,30,0,0,0,0,10,0,0,0,0,13,1,11,0,12,1,8,-1,11,0,8,-1,0,0,0,0,0,0,0,0,0,0,0,0,0,0,0,0,0,0
huge,beast,unaligned,13.0,95,5.0,50,0,0,0,0,10,0,0,0,0,22,6,9,-1,17,3,2,-4,11,0,5,-3,0,0,0,0,0,0,0,0,0,0,0,0,0,0,0,0,0,0
medium,construct,lawful neutral,15.0,16,0.5,30,0,0,0,0,10,0,120,0,0,12,1,13,1,12,1,9,-1,10,0,9,-1,0,0,0,0,0,0,0,0,0,0,0,0,0,0,0,0,0,0
medium,humanoid,chaotic evil,11.0,13,0.25,30,0,0,0,0,10,60,0,0,0,14,2,10,0,14,2,6,-2,10,0,6,-2,0,0,0,0,0,0,0,0,2,0,0,0,0,0,0,0,0,0
large,giant,chaotic evil,15.0,84,5.0,30,0,0,0,0,12,60,0,0,0,18,4,13,1,20,5,7,-2,9,-1,7,-2,0,0,0,0,0,0,0,2,0,0,0,0,0,0,0,0,0,0
small,plant,neutral evil,13.0,4,0.125,20,0,0,0,0,9,0,0,0,60,6,-2,13,1,12,1,4,-3,8,-1,3,-4,0,0,0,0,0,0,0,0,3,0,0,0,0,0,0,0,0,0
huge,beast,unaligned,13.0,136,8.0,50,0,0,0,0,14,0,0,0,0,25,7,10,0,19,4,2,-4,12,1,9,-1,0,0,0,0,0,0,0,4,0,0,0,0,0,0,0,0,0,0
large,aberration,lawful evil,15.0,127,9.0,30,0,0,0,0,18,120,0,0,0,15,2,12,1,15,2,21,5,19,4,21,5,0,0,0,9,8,9,0,8,5,0,8,0,9,0,0,0,0,0
medium,fiend,neutral evil,19.0,153,13.0,30,0,60,0,0,17,0,120,0,0,16,3,16,3,18,4,18,4,15,2,19,4,0,0,0,0,0,0,0,7,8,0,0,0,0,0,0,0,9,0
large,monstrosity,chaotic evil,18.0,93,5.0,30,0,0,0,20,10,120,0,60,0,20,5,13,1,16,3,9,-1,10,0,10,0,0,0,0,0,0,0,0,0,0,0,0,0,0,0,0,0,0,0
large,celestial,lawful good,12.0,67,5.0,50,0,0,0,0,13,60,0,0,0,18,4,14,2,15,2,11,0,17,3,16,3,0,0,0,0,0,0,0,0,0,0,0,0,0,0,0,0,0,1
medium,humanoid,neutral evil,13.0,38,2.0,30,0,0,0,0,14,0,0,0,0,14,2,12,1,13,1,10,0,15,2,12,1,0,0,0,0,0,0,0,4,0,0,0,0,0,0,0,0,0,0
medium,humanoid,lawful neutral,14.0,126,13.0,30,0,0,0,0,10,0,0,0,0,10,0,14,2,12,1,20,5,11,0,16,3,2,4,3,12,7,5,10,0,0,0,0,0,10,0,0,0,0,0
medium,undead,lawful evil,16.0,144,13.0,30,0,0,0,0,17,120,0,0,0,18,4,18,4,18,4,17,3,15,2,18,4,0,9,0,0,7,9,0,7,9,0,0,0,0,0,0,0,0,1
medium,undead,neutral evil,15.0,82,5.0,30,0,0,0,0,13,60,0,0,0,16,3,16,3,16,3,11,0,10,0,12,1,0,6,0,0,3,0,0,3,6,0,0,0,0,0,0,0,0,0
medium,undead,chaotic evil,13.0,30,3.0,0,0,30,0,0,11,60,0,0,0,6,-2,16,3,16,3,6,-2,12,1,7,-2,0,0,0,0,3,0,0,0,0,0,0,0,0,0,0,0,0,0
tiny,fiend,chaotic evil,12.0,13,1.0,5,0,40,0,0,8,60,0,0,0,6,-2,14,2,14,2,4,-3,7,-2,2,-4,0,0,0,0,0,0,0,0,0,0,0,0,0,0,0,0,0,0
small,plant,neutral,13.0,9,0.25,30,0,0,0,0,12,60,0,0,0,7,-2,14,2,13,1,6,-2,11,0,7,-2,0,0,0,0,0,0,0,2,4,0,0,0,0,0,0,0,0,0
small,plant,neutral,14.0,33,2.0,30,0,0,0,0,13,60,0,0,0,14,2,14,2,14,2,7,-2,12,1,9,-1,0,0,0,0,0,0,0,3,4,0,0,0,0,0,0,0,0,0
tiny,beast,unaligned,13.0,10,0.25,30,0,0,0,0,13,0,0,0,0,6,-2,14,2,13,1,4,-3,12,1,6,-2,0,0,0,0,0,0,0,3,0,0,0,0,0,0,0,0,0,0
medium,undead,chaotic evil,13.0,27,2.0,40,0,0,0,0,10,120,0,0,0,6,-2,16,3,13,1,6,-2,12,1,10,0,0,0,0,0,0,0,0,0,5,0,0,0,0,0,0,0,0,0
large,giant,chaotic evil,15.0,94,7.0,30,0,0,0,0,12,60,0,0,0,18,4,13,1,20,5,7,-2,9,-1,7,-2,0,0,0,0,0,0,0,2,0,0,0,0,0,0,0,0,0,0
medium,humanoid,any alignment,17.0,58,3.0,30,0,0,0,0,12,0,0,0,0,16,3,13,1,14,2,10,0,11,0,10,0,0,0,0,0,0,0,0,2,0,0,0,0,0,0,0,5,0,0
medium,plant,neutral evil,12.0,26,0.5,10,0,0,0,0,10,0,0,0,60,15,2,8,-1,14,2,5,-3,10,0,3,-4,0,0,0,0,0,0,0,0,1,0,0,0,0,0,0,0,0,0
medium,plant,unaligned,5.0,18,0.25,5,0,0,0,0,6,0,0,0,30,3,-4,1,-5,10,0,1,-5,3,-4,1,-5,0,0,0,0,0,0,0,0,0,0,0,0,0,0,0,0,0,0
large,fiend,chaotic evil,15.0,104,6.0,40,0,60,0,0,11,120,0,0,0,17,3,15,2,18,4,8,-1,13,1,8,-1,0,5,0,0,4,2,0,0,0,0,0,0,0,0,0,0,0,0
medium,beast,unaligned,10.0,5,0.0,10,0,50,0,0,13,0,0,0,0,7,-2,10,0,13,1,2,-4,12,1,4,-3,0,0,0,0,0,0,0,3,0,0,0,0,0,0,0,0,0,0
medium,humanoid,any alignment,18.0,117,9.0,30,0,0,0,0,13,0,0,0,0,16,3,10,0,14,2,11,0,17,3,13,1,0,0,6,0,7,0,0,0,0,0,0,0,0,4,0,0,5,0
large,beast,unaligned,11.0,19,0.5,60,0,0,0,0,11,0,0,0,0,18,4,12,1,13,1,2,-4,12,1,7,-2,0,0,0,0,0,0,0,0,0,0,0,0,0,0,0,0,0,0
large,undead,lawful evil,13.0,22,0.5,60,0,0,0,0,9,60,0,0,0,18,4,12,1,15,2,2,-4,8,-1,5,-3,0,0,0,0,0,0,0,0,0,0,0,0,0,0,0,0,0,0
medium,humanoid,any alignment,11.0,49,4.0,30,0,0,0,0,11,0,0,0,0,9,-1,13,1,11,0,11,0,12,1,18,4,0,0,0,0,3,6,0,0,0,6,0,6,2,0,0,0,0,0
medium,humanoid,any alignment,12.0,78,7.0,30,0,0,0,0,11,60,0,0,0,10,0,14,2,15,2,12,1,12,1,18,4,0,0,0,0,4,7,0,0,0,7,0,7,4,4,0,0,0,0
medium,humanoid,any alignment,12.0,91,6.0,30,0,0,0,0,11,60,0,0,0,9,-1,14,2,15,2,12,1,12,1,18,4,0,0,0,0,4,7,4,0,0,0,0,0,4,0,0,0,0,0
medium,humanoid,any alignment,18.0,229,12.0,30,0,0,0,0,15,0,0,0,0,20,5,16,3,18,4,12,1,12,1,18,4,9,7,8,0,0,0,0,5,0,8,0,0,0,0,0,9,8,1
medium,humanoid,any alignment,16.0,13,0.0,30,0,0,0,0,13,0,0,0,0,15,2,13,1,14,2,10,0,12,1,10,0,0,0,4,0,0,0,0,3,0,0,0,0,0,0,0,4,0,0
medium,humanoid,any alignment,16.0,19,0.0,30,0,0,0,0,13,0,0,0,0,15,2,13,1,14,2,10,0,12,1,10,0,0,0,4,0,0,0,0,3,0,0,0,0,0,0,0,4,0,0
medium,humanoid,any alignment,16.0,26,0.0,30,0,0,0,0,13,0,0,0,0,15,2,13,1,14,2,10,0,12,1,10,0,0,0,4,0,0,0,0,3,0,0,0,0,0,0,0,4,0,0
medium,humanoid,any alignment,16.0,32,0.0,30,0,0,0,0,13,0,0,0,0,17,3,13,1,14,2,10,0,12,1,10,0,0,0,4,0,0,0,0,3,0,0,0,0,0,0,0,5,0,0
medium,humanoid,any alignment,16.0,39,0.0,30,0,0,0,0,14,0,0,0,0,17,3,13,1,14,2,10,0,12,1,10,0,0,0,5,0,0,0,0,4,0,0,0,0,0,0,0,6,0,0
medium,humanoid,any alignment,16.0,45,0.0,30,0,0,0,0,14,0,0,0,0,17,3,13,1,14,2,10,0,12,1,10,0,0,0,5,0,0,0,0,4,0,0,0,0,0,0,0,6,0,0
large,fiend,chaotic evil,18.0,157,13.0,30,80,0,0,0,11,120,0,0,0,19,4,18,4,21,5,19,4,12,1,14,2,9,0,10,0,0,0,0,0,0,0,0,0,0,0,0,0,0,0
large,elemental,neutral,14.0,114,5.0,30,90,0,0,0,10,60,0,0,0,18,4,14,2,18,4,5,-3,10,0,8,-1,0,0,0,0,0,0,0,0,0,0,0,0,0,0,0,0,0,0
medium,elemental,neutral,18.0,127,7.0,40,40,0,0,0,10,60,0,0,0,18,4,14,2,15,2,8,-1,10,0,10,0,0,0,0,0,0,0,0,0,0,0,0,0,0,0,0,0,0,0
large,elemental,neutral,13.0,58,3.0,0,60,0,0,0,10,0,0,0,30,17,3,16,3,13,1,11,0,10,0,10,0,0,0,0,0,0,0,0,0,0,0,0,0,0,0,0,0,0,0
tiny,beast,unaligned,13.0,1,0.0,30,0,0,0,0,13,0,0,0,0,3,-4,16,3,8,-1,2,-4,12,1,3,-4,0,0,0,0,0,0,0,3,5,0,0,0,0,0,0,0,0,0
medium,humanoid,neutral good,10.0,135,5.0,30,0,0,30,0,17,0,0,0,0,19,4,10,0,17,3,11,0,12,1,12,1,0,0,0,0,0,0,0,7,0,0,0,0,0,0,0,0,0,0
medium,humanoid,neutral evil,10.0,78,4.0,30,0,0,0,0,12,0,0,0,0,17,3,10,0,15,2,10,0,11,0,8,-1,0,0,0,0,0,0,0,2,0,0,0,0,0,0,0,0,0,0
medium,humanoid,lawful evil,12.0,33,2.0,30,0,0,0,0,12,60,0,0,0,10,0,15,2,12,1,11,0,10,0,8,-1,0,0,0,0,0,0,0,2,4,0,0,0,0,0,0,0,0,0
medium,humanoid,neutral,12.0,120,4.0,30,0,0,0,0,15,60,0,0,0,17,3,15,2,16,3,10,0,13,1,11,0,0,0,0,0,0,0,0,5,4,0,0,0,0,0,0,0,0,0
medium,humanoid,chaotic evil,11.0,58,3.0,30,0,0,0,0,14,0,0,0,0,15,2,13,1,14,2,10,0,11,0,10,0,0,0,0,0,0,0,0,4,3,0,0,0,0,0,0,0,0,0
medium,fiend,lawful evil,15.0,68,6.0,30,0,40,0,0,11,120,0,0,0,16,3,11,0,18,4,11,0,12,1,13,1,6,0,7,0,0,0,0,0,0,0,0,0,0,0,0,0,0,0
medium,dragon,chaotic evil,16.0,32,2.0,30,30,60,0,15,14,60,0,0,10,14,2,10,0,14,2,5,-3,10,0,11,0,0,2,4,0,2,2,0,4,2,0,0,0,0,0,0,0,0,0
medium,undead,neutral evil,14.0,45,3.0,30,0,0,0,0,13,60,0,0,0,15,2,14,2,16,3,10,0,13,1,15,2,0,0,0,0,0,0,0,3,4,0,0,0,0,0,0,0,0,0
medium,beast,unaligned,12.0,5,0.125,40,0,0,0,0,13,0,0,0,0,13,1,14,2,12,1,3,-4,12,1,7,-2,0,0,0,0,0,0,0,3,0,0,0,0,0,0,0,0,0,0
large,beast,unaligned,12.0,26,1.0,50,0,0,0,0,13,0,0,0,0,17,3,15,2,13,1,3,-4,12,1,8,-1,0,0,0,0,0,0,0,3,0,0,0,0,0,0,0,0,0,0
tiny,undead,chaotic evil,19.0,22,2.0,0,0,50,0,0,12,120,0,0,0,1,-5,28,9,10,0,13,1,14,2,11,0,0,0,0,0,0,0,0,0,0,0,0,0,0,0,0,0,0,0
small,humanoid,lawful evil,13.0,7,0.25,30,0,30,0,0,8,60,0,0,0,7,-2,16,3,9,-1,8,-1,7,-2,8,-1,0,0,0,0,0,0,0,0,0,0,0,0,0,0,0,0,0,0
medium,fey,chaotic neutral,19.0,127,10.0,30,0,0,0,0,13,60,0,0,0,11,0,10,0,16,3,18,4,17,3,13,1,0,0,0,0,0,0,0,0,0,0,0,0,0,0,0,0,0,0
large,monstrosity,neutral evil,13.0,75,3.0,50,0,0,0,0,15,0,0,0,0,18,4,13,1,14,2,7,-2,12,1,8,-1,0,0,0,0,0,0,0,5,3,0,0,0,0,0,0,0,0,0
medium,beast,unaligned,13.0,11,0.25,40,0,0,0,0,13,0,0,0,0,12,1,15,2,12,1,3,-4,12,1,6,-2,0,0,0,0,0,0,0,3,4,0,0,0,0,0,0,0,0,0
medium,plant,lawful neutral,18.0,75,5.0,30,0,0,30,0,14,60,0,0,0,18,4,12,1,16,3,10,0,13,1,8,-1,0,0,0,0,0,0,0,4,4,0,0,0,0,0,0,7,0,0
large,monstrosity,neutral evil,13.0,26,0.5,50,0,0,0,0,14,60,0,0,0,16,3,13,1,13,1,7,-2,11,0,8,-1,0,0,0,0,0,0,0,4,0,0,0,0,0,0,0,0,0,0
medium,undead,neutral evil,13.0,67,5.0,0,0,60,0,0,12,60,0,0,0,6,-2,16,3,16,3,12,1,14,2,15,2,0,0,0,0,0,0,0,0,0,0,0,0,0,0,0,0,0,0
large,dragon,unaligned,13.0,110,6.0,20,0,80,0,0,14,60,0,0,0,19,4,10,0,16,3,5,-3,12,1,6,-2,0,0,0,0,0,0,0,4,0,0,0,0,0,0,0,0,0,0
medium,elemental,neutral,19.0,73,5.0,20,0,0,0,20,16,60,0,60,0,17,3,10,0,22,6,11,0,10,0,11,0,0,0,0,0,0,0,0,6,3,0,0,0,0,0,0,0,0,0
small,humanoid,chaotic evil,13.0,7,0.125,30,0,0,0,0,8,30,0,0,0,8,-1,14,2,10,0,8,-1,7,-2,7,-2,0,0,0,0,0,0,0,0,4,0,0,0,0,0,0,0,0,0
small,humanoid,chaotic evil,12.0,22,1.0,30,0,0,0,0,10,30,0,0,0,8,-1,14,2,12,1,8,-1,11,0,12,1,0,0,0,0,0,0,0,0,3,0,0,0,0,0,0,0,0,0
large,fiend,neutral evil,17.0,147,11.0,40,0,0,0,0,16,60,0,0,60,19,4,14,2,21,5,16,3,15,2,18,4,0,6,0,7,6,8,0,6,0,8,6,8,0,0,0,0,0,0
huge,elemental,neutral evil,22.0,283,18.0,50,0,150,0,0,15,0,0,0,120,18,4,24,7,24,7,16,3,21,5,23,6,0,13,0,0,11,12,0,0,0,0,0,0,0,0,0,0,0,0
huge,fiend,chaotic evil,20.0,333,24.0,50,0,0,0,0,24,0,120,0,0,29,9,16,3,23,6,15,2,24,7,15,2,0,10,15,0,14,0,0,14,0,0,0,0,0,0,0,0,9,0
medium,plant,unaligned,6.0,60,2.0,5,0,0,5,0,10,0,0,0,30,12,1,3,-4,12,1,1,-5,10,0,3,-4,0,0,0,0,0,0,0,0,0,0,0,0,0,0,0,0,0,0
medium,undead,unaligned,9.0,33,0.25,20,0,0,0,0,8,0,0,0,30,13,1,9,-1,12,1,1,-5,6,-2,3,-4,0,0,0,0,0,0,0,0,0,0,0,0,0,0,0,0,0,0
large,fey,neutral evil,14.0,51,4.0,40,0,40,0,0,11,60,0,0,0,18,4,17,3,16,3,5,-3,12,1,7,-2,0,0,0,0,0,0,0,0,0,0,0,0,0,0,0,0,0,0
large,monstrosity,chaotic evil,12.0,51,3.0,40,0,0,40,0,13,60,0,0,0,18,4,13,1,16,3,8,-1,12,1,7,-2,0,0,0,0,0,0,0,3,3,0,0,0,0,0,0,0,0,0
medium,fiend,chaotic evil,15.0,136,10.0,30,0,0,30,0,12,120,0,0,0,15,2,14,2,18,4,13,1,15,2,15,2,0,6,0,5,6,6,0,0,0,0,6,10,0,0,0,0,0,0
large,dragon,chaotic evil,18.0,127,7.0,40,40,80,0,0,16,120,0,0,30,19,4,14,2,17,3,12,1,11,0,15,2,0,5,6,0,3,5,0,6,5,0,0,0,0,0,0,0,0,0
large,dragon,lawful evil,18.0,152,9.0,40,0,80,0,20,19,120,0,0,30,21,5,10,0,19,4,14,2,13,1,17,3,0,4,8,0,5,7,0,9,4,0,0,0,0,0,0,0,0,0
large,dragon,chaotic good,17.0,110,6.0,40,0,80,0,20,16,120,0,0,30,19,4,10,0,17,3,12,1,11,0,15,2,0,3,6,0,3,5,0,6,3,5,0,0,0,0,0,0,0,0
large,dragon,lawful good,18.0,142,8.0,40,40,80,0,0,17,120,0,0,30,21,5,10,0,19,4,14,2,13,1,17,3,0,3,7,0,4,6,0,7,3,0,4,0,0,0,0,0,0,0
large,dragon,chaotic good,17.0,119,7.0,40,0,80,40,0,17,120,0,0,30,19,4,12,1,17,3,16,3,13,1,15,2,0,4,6,0,4,5,0,7,4,0,0,5,0,0,0,0,0,0
large,dragon,lawful good,18.0,178,10.0,40,40,80,0,0,19,120,0,0,30,23,6,14,2,21,5,16,3,13,1,20,5,0,6,9,0,5,9,0,9,6,9,5,0,0,0,0,0,0,0
large,dragon,lawful evil,18.0,136,8.0,40,40,80,0,0,17,120,0,0,30,19,4,12,1,17,3,16,3,13,1,15,2,0,4,6,0,4,5,0,7,4,0,0,5,0,0,0,0,0,0
small,monstrosity,unaligned,16.0,9,0.125,30,0,0,30,10,10,30,0,60,0,13,1,16,3,13,1,4,-3,10,0,6,-2,0,0,0,0,0,0,0,0,0,0,0,0,0,0,0,0,0,0
large,dragon,chaotic evil,18.0,178,10.0,40,0,80,40,0,18,120,0,0,30,23,6,10,0,21,5,14,2,11,0,19,4,0,4,9,0,4,8,0,8,4,0,0,0,0,0,0,0,0,0
large,dragon,chaotic evil,18.0,178,13.0,40,0,80,40,0,18,120,0,0,30,23,6,10,0,21,5,14,2,11,0,19,4,0,4,9,0,4,8,0,8,8,0,0,0,0,0,0,0,0,0
large,monstrosity,unaligned,14.0,93,5.0,30,0,0,0,20,10,60,0,60,0,18,4,13,1,17,3,3,-4,10,0,4,-3,0,0,0,0,0,0,0,0,0,0,0,0,0,0,0,0,0,0
large,dragon,lawful good,18.0,168,9.0,40,0,80,0,0,18,120,0,0,30,23,6,10,0,21,5,14,2,11,0,19,4,0,4,9,0,4,8,6,8,4,0,0,0,6,0,0,0,0,0
large,dragon,chaotic evil,17.0,133,6.0,40,40,80,0,20,16,120,0,0,30,18,4,10,0,18,4,6,-2,11,0,12,1,0,3,7,0,3,4,0,6,3,0,0,0,0,0,0,0,0,0
large,monstrosity,neutral evil,15.0,127,7.0,40,0,0,0,0,15,60,0,0,0,19,4,16,3,17,3,17,3,15,2,18,4,0,0,0,0,0,0,0,5,6,0,0,0,0,0,0,0,0,0
huge,monstrosity,neutral evil,16.0,189,12.0,40,30,0,30,0,17,60,0,0,30,23,6,13,1,19,4,19,4,17,3,20,5,0,0,0,0,0,0,0,7,5,0,0,0,0,0,0,0,0,0
medium,humanoid,neutral evil,14.0,45,2.0,30,0,0,0,0,12,60,0,0,0,15,2,14,2,14,2,6,-2,11,0,4,-3,4,4,0,0,2,0,0,2,0,0,0,0,0,0,0,0,0,0
medium,monstrosity,neutral evil,12.0,66,3.0,30,0,0,0,0,11,60,0,0,0,16,3,14,2,13,1,14,2,12,1,16,3,0,0,0,0,0,0,0,0,4,0,0,5,0,0,0,0,0,0
medium,monstrosity,neutral evil,14.0,71,4.0,30,0,0,0,0,12,120,0,0,0,16,3,14,2,13,1,14,2,14,2,16,3,0,0,0,0,4,5,0,0,4,0,0,5,0,0,0,0,0,0
medium,monstrosity,neutral evil,14.0,71,4.0,30,0,0,0,0,11,120,0,0,0,16,3,14,2,13,1,14,2,12,1,16,3,0,0,0,0,3,5,0,0,4,0,0,5,0,0,0,0,0,0
medium,monstrosity,neutral evil,14.0,88,5.0,30,0,0,0,0,11,120,0,0,0,16,3,14,2,13,1,14,2,12,1,16,3,0,0,0,0,3,5,0,0,4,0,0,5,0,0,0,0,0,0
medium,humanoid,neutral evil,11.0,40,1.0,30,0,0,0,0,13,60,0,0,0,11,0,12,1,11,0,13,1,12,1,14,2,0,0,0,0,0,0,0,3,3,0,0,6,0,0,0,0,0,0
gargantuan,elemental,neutral,21.0,307,22.0,40,40,0,0,0,15,60,0,60,0,30,1,10,0,30,1,2,-4,21,5,18,4,0,0,0,0,12,11,0,0,0,0,0,0,0,0,0,0,0,0
large,fiend,lawful evil,21.0,580,26.0,50,0,150,0,0,26,120,0,0,0,27,8,24,7,28,9,26,8,27,8,30,1,0,0,0,16,16,18,0,16,0,0,0,0,0,0,0,0,18,1
medium,undead,neutral evil,8.0,22,0.25,20,0,0,0,0,8,60,0,0,0,13,1,6,-2,16,3,3,-4,6,-2,5,-3,0,0,0,0,0,0,0,0,0,0,0,0,0,0,0,0,0,0
large,fiend,chaotic evil,18.0,304,23.0,30,0,0,0,0,21,0,120,0,0,22,6,15,2,18,4,20,5,19,4,24,7,0,9,11,0,11,0,0,11,0,0,0,0,0,0,0,0,0,0
